id,domain,status,purchase_price,renewal_price,attractiveness,demand,length,registrar,created_at,expires_at,status_verified_at
44c5851a-e391-4329-aaa6-bc2817cb3f4a,shedding.directory,available,8.5,,high,low,8,unstoppable,,,01/10/2026 01:44
5816abeb-ed12-45c2-a85e-7c7b79dc3fa2,olivia.directory,available,4.5,22.69,high,low,6,dynadot,,,28/09/2026 07:43
7178423b-415c-4e3f-8649-dd63dcde5eff,crawling.directory,available,4.34,21.94,medium,low,8,spaceship,,,28/09/2026 05:30
4f0973a2-37b0-4fce-9ea9-2a7785503d25,draught.directory,available,4.34,21.94,high,low,7,spaceship,,,02/10/2026 04:06
bc4ee216-62cb-4ad0-8649-647e2815502a,aplitic.directory,available,4.98,36.98,medium,low,7,namecheap,,,06/08/2026 00:35
744f9aa0-ea95-4125-83f8-f24e007e5695,skillfully.directory,available,4.98,36.98,medium,low,10,namecheap,,,16/09/2026 02:07
b0333674-facf-4980-97df-a0086c7d4f05,reproduced.directory,available,4.34,21.94,medium,low,10,spaceship,,,02/10/2026 21:53
7c6b2302-afed-47af-abf8-42557656d320,disks.directory,available,8.99,26.99,medium,low,5,namesilo,,,18/09/2026 11:49
bfb9cbab-6b55-4dc2-ba13-15dad2a1b3cb,raconteur.directory,available,8.99,26.99,high,low,9,namesilo,,,19/09/2026 05:14
f60aff85-eb05-4577-a4ca-b6ba6636edff,incestuous.directory,available,4.98,36.98,medium,low,10,namecheap,,,22/08/2026 01:12
ea6d8d95-a497-4c22-bbbb-842558ab87c5,birthplace.directory,available,4.98,36.98,high,low,10,namecheap,,,23/09/2026 21:18
339e096a-aae2-45c7-bc13-43d41f5288a2,flattering.directory,available,4.98,36.98,high,low,10,namecheap,,,18/08/2026 06:57
35422b8a-f2d2-4b4b-89ec-d9ec4b99a1d1,dreamy.directory,available,4.98,36.98,high,low,6,namecheap,,,14/08/2026 18:48
d8608c82-d284-4fc9-a253-093d9dc4ee29,inlaid.directory,available,4.98,36.98,medium,low,6,namecheap,,,22/08/2026 05:47
410feca2-6aff-4342-b0db-7a21ab40e8d1,edu.directory,premium,800.5,,medium,medium,3,unstoppable,,,28/09/2026 23:17
ee0a7d32-49c1-4be0-83d3-eca6f6a04b4d,substitute.directory,available,8.99,26.99,high,low,10,namesilo,,,22/09/2026 02:40
4efe2d5f-31dc-4fa8-881f-7b289a95e2d6,acinonyx.directory,available,8.99,26.99,medium,low,8,namesilo,,,17/09/2026 01:31
7424c43f-3c53-4c2d-93f3-85a4531f791d,landlady.directory,available,21.2,21.2,high,low,8,cloudflare,,,02/10/2026 05:34
61ce62fb-b8ba-44e5-bffe-9eff5d7358bb,yemeni.directory,available,4.98,36.98,high,low,6,namecheap,,,13/09/2026 14:34
ef344304-ce37-460b-9484-ad092dd64245,aalto.directory,available,8.99,26.99,high,low,5,namesilo,,,16/09/2026 13:16
8c2025ec-70b3-40c6-8aee-5bdeb68f9009,iff.directory,available,4.34,21.94,medium,low,3,spaceship,,,30/09/2026 04:49
2ab12339-ce46-4632-9ec8-81bad07114c1,storylines.directory,available,8.5,,medium,low,10,unstoppable,,,01/10/2026 00:32
37e87df4-467a-4efd-9d05-1b64c98d6df5,bimbo.directory,available,8.99,26.99,medium,low,5,namesilo,,,23/09/2026 16:54
4cb11739-ff8d-49cb-b10b-1eb693dcc331,pally.directory,available,4.98,36.98,high,low,5,namecheap,,,12/08/2026 07:42
373c9173-c1ba-4808-920f-4bc5c77e89d3,catarina.directory,available,8.5,,medium,low,8,unstoppable,,,30/09/2026 14:56
095a4e4d-e2ed-4583-870a-c7f3165bd4a0,charnel.directory,available,4.98,36.98,medium,low,7,namecheap,,,12/08/2026 02:37
9e6ccd36-52cc-49d7-ac8f-521f38d7d97e,nonsuch.directory,available,4.98,36.98,medium,low,7,namecheap,,,03/09/2026 20:15
26ca3a96-9f72-4983-9c1f-3bf2129e058d,rig.directory,premium,23.6,23.6,high,low,3,namesilo,,,20/09/2026 11:18
bc610cb0-c9bb-4b04-986d-20db0c740d81,tak.directory,available,4.98,36.98,high,low,3,namecheap,,,29/09/2026 09:19
e9c70ae6-4959-4f55-8855-d323af0fb533,gravelly.directory,available,4.98,36.98,medium,low,8,namecheap,,,20/08/2026 18:27
343fad65-761a-40c7-8a2b-14ef5ed137d7,untrained.directory,available,4.98,36.98,medium,low,9,namecheap,,,12/09/2026 21:40
1bcd0a77-7989-42eb-9516-1508142cdc47,symbols.directory,available,4.98,36.98,medium,low,7,namecheap,,,29/09/2026 04:46
8fb57a9a-b96a-4f84-9937-bc0e666b3788,grouse.directory,available,8.99,26.99,high,low,6,namesilo,,,23/09/2026 00:24
4417ffed-cdf1-4eb7-a72a-88e4a190d94c,cognate.directory,available,4.98,36.98,high,low,7,namecheap,,,10/08/2026 15:14
210f3a80-fa6f-4234-8a66-49db661bba73,harmsworth.directory,available,4.98,36.98,medium,low,10,namecheap,,,18/09/2026 06:27
8d13aa4c-2800-487b-8d0f-3fa8a519df88,escobar.directory,available,4.34,21.94,high,low,7,spaceship,,,29/09/2026 22:26
0ccd11ab-1bf4-4624-ac56-fbff4d935537,bloody.directory,available,8.99,26.99,high,low,6,namesilo,,,22/09/2026 00:33
94510b17-ec5e-4316-984a-509476c2d580,observer.directory,available,8.99,26.99,high,low,8,namesilo,,,27/09/2026 03:30
541c5178-2d37-4dc1-bca9-8c157b54d607,simeon.directory,available,4.5,22.69,medium,low,6,dynadot,,,01/10/2026 21:41
760f5a6c-e6d9-4472-943c-14b260178c24,buttonlike.directory,available,4.98,36.98,medium,low,10,namecheap,,,09/08/2026 03:39
cfcf8e24-9c42-46d2-99d8-3f85375e29f3,strindberg.directory,available,8.99,26.99,medium,low,10,namesilo,,,21/09/2026 03:49
2636a09e-c1af-4a0c-9397-a91e89001961,volar.directory,available,4.98,36.98,medium,low,5,namecheap,,,05/09/2026 00:00
7ff3c70e-040c-4838-9bed-a0287c44c906,bootlicker.directory,available,4.98,36.98,medium,low,10,namecheap,,,19/09/2026 21:12
08de9e7e-7908-41f5-a42a-cd29f1d7fb53,repellent.directory,available,4.98,36.98,medium,low,9,namecheap,,,14/08/2026 10:39
feb12fd5-7b88-4021-91a5-de0f9e5f8964,idle.directory,available,4.98,36.98,high,low,4,namecheap,,,08/08/2026 21:52
c541af1f-a120-4f68-bf6e-c5375a1bc6ec,gabe.directory,available,8.5,,high,low,4,unstoppable,,,29/09/2026 09:24
13bdb8fb-3a34-44af-b89e-c7ef60176787,inform.directory,available,4.5,22.69,high,low,6,dynadot,,,30/09/2026 20:20
5a27184a-e756-4f1c-920e-a933715f0c67,koh.directory,available,8.99,26.99,medium,low,3,namesilo,,,29/09/2026 04:20
a4c40ad8-2cb7-4b6a-bd94-fe22d56f07a4,william.directory,available,8.99,26.99,high,low,7,namesilo,,,17/09/2026 13:23
56ee0f2a-b71e-43f0-a326-697a41585bbd,winters.directory,available,8.5,,high,low,7,unstoppable,,,28/09/2026 22:16
550bc5ad-301d-43e2-9f61-6c08fa9cc001,huffy.directory,available,4.98,36.98,medium,low,5,namecheap,,,21/08/2026 14:40
99722417-0508-46e0-a93a-bc594ac06872,crews.directory,available,8.5,,medium,low,5,unstoppable,,,28/09/2026 16:47
206ede52-244a-40e3-a298-d7bf2e59454d,inez.directory,available,8.5,,medium,low,4,unstoppable,,,30/09/2026 05:00
041492fd-f464-437a-afbf-335c4c5ad972,nonporous.directory,available,4.98,36.98,medium,low,9,namecheap,,,03/09/2026 20:18
6ace4115-3a05-4ce9-8e40-ea45697471a2,aperitif.directory,available,8.99,26.99,high,low,8,namesilo,,,19/09/2026 16:32
34d3a2a7-a6b3-4638-9513-1d14a2983290,wintertime.directory,available,4.34,21.94,high,low,11,spaceship,,,02/10/2026 19:07
b7542c3f-c14e-4472-b141-5253170f6f9f,guthrie.directory,available,8.99,26.99,high,low,7,namesilo,,,25/09/2026 06:47
2246d1a6-ff66-44ad-a442-1724511953ba,pervert.directory,available,8.99,26.99,medium,low,7,namesilo,,,23/09/2026 23:54
21853518-5e6d-418c-a96c-c6c753bbf947,badness.directory,available,4.98,36.98,medium,low,7,namecheap,,,08/08/2026 07:23
33df1dd1-5f51-4890-ba46-e4596a6d0cf3,mirage.directory,available,8.99,26.99,high,low,6,namesilo,,,29/09/2026 13:27
2bf05253-4abf-487d-992a-119f80606dff,crosby.directory,available,8.99,26.99,high,low,6,namesilo,,,23/09/2026 17:15
5ae206d8-1bbf-46ce-a69d-c82f2e357d98,jing.directory,available,4.34,21.94,high,low,4,spaceship,,,30/09/2026 19:50
0a363aa1-e60e-48c9-bda6-11d75b028fa8,unkindly.directory,available,4.98,36.98,medium,low,8,namecheap,,,12/09/2026 14:15
85a8c78c-5425-437a-9217-7b3c93035dfc,cloistered.directory,available,4.98,36.98,medium,low,10,namecheap,,,12/08/2026 11:48
ecc60476-cabd-460b-98ee-3add29ab9215,hook.directory,available,4.34,21.94,high,low,4,spaceship,,,28/09/2026 18:24
25f346ef-52c2-45e2-a417-b362119cddd9,doncaster.directory,premium,99.5,,high,low,9,unstoppable,,,29/09/2026 23:47
6df2d71a-a526-4bad-9ea0-f920f40a84b8,separated.directory,available,8.99,26.99,medium,low,9,namesilo,,,19/09/2026 04:08
bc60df58-0a43-437f-918a-cd872b1f2cb9,heavily.directory,available,4.98,36.98,medium,low,7,namecheap,,,21/08/2026 05:28
b924f9bd-adba-4609-9404-7bfd23a86dfe,toller.directory,available,8.99,26.99,medium,low,6,namesilo,,,23/09/2026 05:41
f551d951-1431-47eb-9791-866d613eab83,deadlocked.directory,available,7.99,33.99,medium,low,10,name.com,,,13/08/2026 19:27
74617328-46c6-4312-9d3f-d4630060a3db,generous.directory,available,4.98,36.98,high,low,8,namecheap,,,18/08/2026 21:29
d98599be-e064-40b3-94c8-615cdfc10ad4,semifinal.directory,available,4.98,36.98,high,low,10,namecheap,,,16/09/2026 09:45
5dc72294-6081-46bc-9a7a-60b12cbd20c5,announce.directory,available,8.99,26.99,high,low,8,namesilo,,,29/09/2026 22:10
dd9be548-e76e-44d7-9c84-ca5faccf0367,bourges.directory,available,4.34,21.94,medium,low,7,spaceship,,,03/10/2026 05:59
62c2b64e-2747-41eb-a02a-58b2f6c1b5f4,gave.directory,available,7.99,,medium,low,4,name.com,,,
763d13b5-e5a1-4b28-8885-376652da9a80,ade.directory,available,4.98,36.98,high,low,3,namecheap,,,17/09/2026 07:12
08eec950-9f88-45d8-bf40-1632b1576d37,nobility.directory,available,8.99,26.99,high,low,8,namesilo,,,20/09/2026 05:50
3ad95aa5-d69e-4544-b73f-be1d650c493e,bonded.directory,available,8.99,26.99,medium,low,6,namesilo,,,29/09/2026 05:02
54120cee-c8b9-454f-a3fb-3d6924f029ce,lombard.directory,available,4.5,22.69,high,low,7,dynadot,,,02/10/2026 05:34
1c7ec217-1f60-41dc-95be-5bdf9200e9f1,malone.directory,available,4.98,36.98,high,low,6,namecheap,,,25/09/2026 05:13
8bd5cbf5-4417-430e-87e7-8caf4aabd3d0,rhapsodic.directory,available,4.98,36.98,medium,low,9,namecheap,,,14/08/2026 23:52
39210eac-8042-48f8-8363-0b550450c25f,varied.directory,available,4.34,21.94,medium,low,6,spaceship,,,28/09/2026 10:09
3aa5dfd8-1867-4874-bfa7-1bf630da595b,seaboard.directory,available,4.34,21.94,high,low,8,spaceship,,,02/10/2026 06:21
3b0aa4b9-9d25-4b4f-99eb-a1b954e78572,spins.directory,available,4.5,22.69,high,low,5,dynadot,,,30/09/2026 07:26
7725c119-c437-47bd-9a12-2ec3a989435b,armorer.directory,available,8.99,26.99,medium,low,7,namesilo,,,20/09/2026 07:29
802e1ecc-4ace-43f5-aebd-0a6ad320f01b,amen.directory,available,4.98,36.98,high,low,4,namecheap,,,18/09/2026 18:25
8526b548-90ca-49bd-a4bc-3cc48c15f76a,cem.directory,available,21.2,21.2,high,low,3,cloudflare,,,01/10/2026 06:08
95ef2779-f3dc-47da-ab35-7dc92009d876,shriek.directory,available,4.98,36.98,medium,low,6,namecheap,,,09/09/2026 23:53
695d5d16-08ea-4ad9-b81a-a80c9215d20a,negev.directory,available,21.2,21.2,medium,low,5,cloudflare,,,30/09/2026 18:10
2acc8d8c-b12a-4d0a-b13e-4f2a45b95341,yawn.directory,available,4.34,21.94,medium,low,4,spaceship,,,28/09/2026 11:12
df8443d0-7945-43de-83ac-0e8cbf32f36b,arity.directory,available,8.99,26.99,medium,low,5,namesilo,,,20/09/2026 06:02
7506f868-cd84-4715-b6fb-ff7bc827bb7b,narrowly.directory,available,4.98,36.98,medium,low,8,namecheap,,,15/09/2026 16:08
89fd8764-9dcc-4c75-8997-39d02d5c6b6a,exergonic.directory,available,4.98,36.98,medium,low,9,namecheap,,,17/08/2026 17:06
ec6bcfe5-fecf-47fb-871b-c93531186cc3,flap.directory,available,4.98,36.98,high,low,4,namecheap,,,24/09/2026 23:15
22b50a2e-ea1a-41bd-a8df-3ae1e9745b37,bathtub.directory,available,8.99,26.99,high,low,7,namesilo,,,22/09/2026 13:40
c99a552b-e015-4679-9bf2-0225cee6a708,rockefeller.directory,available,4.98,36.98,high,low,11,namecheap,,,25/09/2026 12:15
cba3e74a-9b8b-4f7b-9b1e-a4a596789390,knockabout.directory,available,4.98,36.98,medium,low,10,namecheap,,,22/08/2026 16:33
1109881d-3cb4-4e3e-b1e7-6b1081385054,egyptian.directory,available,4.98,36.98,high,low,8,namecheap,,,15/08/2026 19:52
bd6af79c-d2b3-47d5-b6a4-50125506cd3d,alpinia.directory,available,8.99,26.99,medium,low,7,namesilo,,,18/09/2026 14:02
00d1b3d6-92ed-4077-91ca-54003f7212ff,humanely.directory,available,4.98,36.98,medium,low,8,namecheap,,,15/09/2026 01:17
9419cf4a-bac7-4bfe-9d2e-89dc24e9ee1f,foul.directory,available,4.98,36.98,high,low,4,namecheap,,,
115e8a39-dedb-4185-80f1-96eff3571037,stakes.directory,available,8.99,26.99,high,low,6,namesilo,,,23/09/2026 10:49
79878b61-cbb9-451a-af29-a277e7721dc5,alden.directory,available,4.34,21.94,medium,low,5,spaceship,,,30/09/2026 13:53
ca517da9-8e08-48a8-9a6c-d1cf6a4877c5,gases.directory,available,8.99,26.99,medium,low,5,namesilo,,,30/09/2026 23:26
3ed62b5a-7c7a-4191-a4f6-090bc884652f,togged.directory,available,4.98,36.98,medium,low,6,namecheap,,,11/09/2026 16:44
d063e373-1ed1-4bdf-baee-d116a4747c80,bedframe.directory,available,8.99,26.99,medium,low,9,namesilo,,,22/09/2026 23:17
03ee4f8e-3a19-452d-a563-3a26f6fe826b,libidinous.directory,available,4.98,36.98,medium,low,10,namecheap,,,22/08/2026 20:09
c38685ac-519f-4044-bc97-2e10b5e0a4c9,landless.directory,available,4.98,36.98,medium,low,8,namecheap,,,22/08/2026 19:24
e50fa10f-1947-4520-89aa-0111531b7cc8,disillusioned.directory,available,21.2,21.2,medium,low,13,cloudflare,,,02/10/2026 07:38
9d33fda7-4d7d-4365-b23b-ecf045cf856a,teachable.directory,available,4.98,36.98,high,low,9,namecheap,,,11/09/2026 09:34
6dd92aaf-fb4a-4052-b09c-1f070c41074c,specifics.directory,available,4.34,21.94,medium,low,9,spaceship,,,29/09/2026 17:04
38a99e37-5f18-4976-9e76-d2decf0c8c36,battling.directory,available,8.5,,medium,low,8,unstoppable,,,29/09/2026 09:02
dd743e9e-78ce-4542-83e0-f1bc127815f1,gregorian.directory,available,4.98,36.98,high,low,9,namecheap,,,20/08/2026 19:58
865d283a-3755-47a4-8fa8-b0c3db680e8d,lund.directory,available,8.99,26.99,high,low,4,namesilo,,,25/09/2026 09:11
640020e1-b8a0-4e3d-b225-eb3cbc221435,anhedonia.directory,available,8.99,26.99,medium,low,9,namesilo,,,19/09/2026 07:46
c7582d11-9bf0-4540-8339-58de72e60279,latticed.directory,available,4.98,36.98,medium,low,8,namecheap,,,22/08/2026 08:06
29c15b7f-260f-4d1a-9187-457eb2e8f7a2,lin.directory,available,4.34,21.94,high,low,3,spaceship,,,28/09/2026 10:15
ad99e162-c4fc-4823-b9c1-862bd5d3b8a0,greased.directory,available,4.98,36.98,medium,low,7,namecheap,,,20/08/2026 19:33
49432e8e-aaf1-4bc7-a1f7-708248a8431d,fang.directory,available,21.2,21.2,high,low,4,cloudflare,,,29/09/2026 06:51
12a0bb0d-3ea6-41fa-8fb4-87811f19ad04,tersely.directory,available,8.99,26.99,medium,low,7,namesilo,,,16/09/2026 08:13
ab347e34-d745-4500-88d7-0af89267a41e,stinky.directory,available,4.98,36.98,high,low,6,namecheap,,,13/08/2026 05:18
ccfc76f2-a02d-4c71-b2b6-110f49fcf9e9,dried.directory,available,4.98,36.98,high,low,5,namecheap,,,14/08/2026 18:59
d8d96ab8-aa3e-437b-9e65-09ed8d7f2f3d,christiana.directory,available,4.5,22.69,medium,low,10,dynadot,,,01/10/2026 00:03
39e54ce1-a852-47cb-800f-bc1978306ffb,rudiment.directory,available,8.99,26.99,medium,low,8,namesilo,,,16/09/2026 14:36
f058c4c7-cda0-45b5-99d8-16716fddfa83,calvinism.directory,available,8.99,26.99,high,low,9,namesilo,,,30/09/2026 16:34
e79752bb-e0d2-421f-b740-a612cf798377,sousaphone.directory,available,8.99,26.99,medium,low,10,namesilo,,,22/09/2026 11:51
804920b5-dcb2-4145-8335-8f635c30c2f9,filial.directory,available,4.98,36.98,medium,low,6,namecheap,,,18/08/2026 04:17
d9b3219e-c81f-47cd-b48b-b5402bbf1de7,arulo.directory,available,4.98,36.98,medium,low,5,namecheap,,,20/09/2026 12:11
19991a64-c187-4056-a048-59400a6bc0d4,moistly.directory,available,4.98,36.98,low,low,7,namecheap,,,14/09/2026 10:31
0e30ead5-781c-4d2f-a9f5-8fbebe1cc6be,scaring.directory,available,21.2,21.2,low,low,7,cloudflare,,,02/10/2026 03:46
52da13ea-0a87-48bd-a223-3eaff2819a6d,aston.directory,available,8.99,26.99,high,low,5,namesilo,,,28/09/2026 07:29
40dccc18-a3c0-40eb-8315-8e6e273090e8,bradbury.directory,available,4.34,21.94,high,low,8,spaceship,,,28/09/2026 13:35
09169067-d349-4fa0-8c2f-42997fba5f42,glamorous.directory,available,4.98,36.98,high,low,9,namecheap,,,19/08/2026 00:15
a721c6de-362e-44fd-8aa2-fcc31518db0d,geological.directory,available,4.98,36.98,high,low,10,namecheap,,,18/08/2026 22:28
81f73bcc-4959-43ad-8c4d-23ff738d925b,intimately.directory,available,4.98,36.98,medium,low,10,namecheap,,,15/09/2026 09:03
32a31161-1192-43f8-932b-d2a6f4af7d32,aac.directory,available,4.98,36.98,high,low,3,namecheap,,,29/09/2026 15:15
a1834f30-9c31-412c-9579-afd04ee630ec,naturistic.directory,available,4.98,36.98,medium,low,10,namecheap,,,03/09/2026 13:59
364064d0-1bad-4b76-907d-2d93d58376ad,roomily.directory,available,4.98,36.98,medium,low,7,namecheap,,,16/09/2026 00:01
ee8808d3-541c-434f-a184-446fe843b4af,proposals.directory,available,4.34,21.94,medium,low,9,spaceship,,,30/09/2026 00:25
1e574321-50eb-4773-88db-255f4adcca45,hector.directory,available,4.98,36.98,medium,low,6,namecheap,,,11/08/2026 08:59
301197f8-5ee7-45d2-b84e-fc3377f7a374,hornet.directory,available,8.99,26.99,high,low,6,namesilo,,,30/09/2026 10:10
598fd97b-84b9-4561-bbce-9c28702913f9,very.directory,available,4.98,36.98,high,low,4,namecheap,,,27/09/2026 09:52
40c46e4c-ab64-42e5-880a-c23d81323f17,egyptians.directory,available,8.99,26.99,medium,low,9,namesilo,,,30/09/2026 07:12
52ade317-31e4-4001-ba53-f6cb1106eefc,toxicity.directory,available,4.63,22.14,high,low,8,porkbun,,,30/09/2026 18:20
45b720bf-57c0-46fc-b876-804ca1bc7600,decayable.directory,available,4.98,36.98,low,low,9,namecheap,,,13/08/2026 20:54
05156f90-2665-49ae-8bbc-5d85b20f7301,vinson.directory,available,4.34,21.94,medium,low,6,spaceship,,,29/09/2026 12:24
221a91a1-b9e7-491a-9ad8-c97802fa65a8,lamps.directory,available,8.5,,medium,low,5,unstoppable,,,29/09/2026 11:04
a958d11d-72b8-4d06-bfcc-1811f975174d,subcommittee.directory,available,4.34,21.94,medium,low,12,spaceship,,,30/09/2026 19:57
ddfc9cd8-fdc6-4ca1-ae9c-5a2055f31edd,brevard.directory,available,8.99,26.99,medium,low,7,namesilo,,,01/10/2026 11:57
81bd6aed-1929-4651-b8e3-b8374d13d49e,sexiness.directory,available,8.99,26.99,high,low,8,namesilo,,,18/09/2026 16:14
7f838e46-5b7b-430f-ac78-85016fc0e53c,desirous.directory,available,4.98,36.98,medium,low,8,namecheap,,,14/08/2026 03:49
dc71ef57-d493-48e4-83fd-00220cfde26a,arrays.directory,available,8.99,26.99,medium,low,6,namesilo,,,20/09/2026 09:17
18281665-979c-42ed-9aa8-e9fc2942278a,saturdays.directory,available,8.5,,medium,low,9,unstoppable,,,29/09/2026 15:55
20ed00b4-9bd7-49b5-b3e8-30eccda39941,battle.directory,available,8.99,26.99,high,low,6,namesilo,,,22/09/2026 14:39
312c24cc-2a88-4bec-a45e-9c425c9d7ecb,meuse.directory,available,8.99,26.99,medium,low,5,namesilo,,,20/09/2026 04:35
717de9a7-5eb6-44f1-a499-686d05121404,lads.directory,available,8.99,26.99,medium,low,4,namesilo,,,29/09/2026 11:04
983b38c9-94bd-42c4-a770-58d45863ae37,kashmir.directory,available,4.34,21.94,high,low,7,spaceship,,,01/10/2026 02:42
eba45727-fd59-442b-b788-9453f6bdca5f,augury.directory,available,8.99,26.99,medium,low,6,namesilo,,,21/09/2026 03:41
877c0637-17e2-41af-ad01-114c446a5b6d,congratulations.directory,available,7.99,,high,low,15,name.com,,,
09835e2f-9898-4de9-9a2c-3ebf354039f8,memorize.directory,available,4.34,21.94,high,low,8,spaceship,,,30/09/2026 20:33
82890300-fdc5-4540-a546-6ec679eece1d,asio.directory,available,8.99,26.99,medium,low,4,namesilo,,,20/09/2026 14:18
80a3a54c-a04d-4a22-9614-5bfe150982a0,uncultured.directory,available,4.98,36.98,medium,low,10,namecheap,,,12/09/2026 06:38
f79e823a-fc64-44e4-b8a0-27947b5b1911,statuary.directory,available,4.98,36.98,medium,low,8,namecheap,,,10/09/2026 19:16
6b8842f1-54ab-45fe-a0ac-62427d6290a5,communal.directory,available,4.34,21.94,high,low,8,spaceship,,,30/09/2026 16:12
a4fd0de0-28ab-41da-92c8-4754c19de2ab,lenient.directory,available,4.98,36.98,high,low,7,namecheap,,,22/08/2026 23:46
6632ed72-6632-4291-83a9-5d8d5a971b95,bane.directory,available,4.98,36.98,medium,low,4,namecheap,,,22/09/2026 01:39
13e66d58-6bf8-4031-9af0-d5d8f561110e,buckner.directory,available,8.99,26.99,medium,low,7,namesilo,,,29/09/2026 09:53
4e0ddfd8-0fad-488d-a6eb-111b6bfd3b6d,sciolist.directory,available,4.98,36.98,medium,low,8,namecheap,,,14/08/2026 07:43
6112b668-9b9d-42a2-892b-0c09efdbed65,crusty.directory,available,4.98,36.98,medium,low,6,namecheap,,,13/08/2026 09:26
48d394a3-9993-47d1-8955-fa6f068f4bf8,acervate.directory,available,4.98,36.98,medium,low,8,namecheap,,,
22e1aced-6a51-4ed9-865c-47414e465884,acerose.directory,available,4.98,36.98,medium,low,7,namecheap,,,
a3253a43-c0ba-405d-ae69-354316f66ec0,annabelle.directory,available,4.98,36.98,medium,low,9,namecheap,,,02/10/2026 02:04
cf027696-522e-4b70-a5f8-00421002adaf,waning.directory,available,4.98,36.98,medium,low,6,namecheap,,,13/09/2026 08:04
5a5d9014-caf6-46ce-baff-1352df79c304,wrought.directory,available,4.98,36.98,medium,low,7,namecheap,,,25/08/2026 03:48
547072fa-1d84-4a5e-87a9-7bbef04a9e50,ridden.directory,available,8.99,26.99,high,low,6,namesilo,,,30/09/2026 23:00
38cdb40b-c03a-4d61-91e6-aa60cf345b80,parting.directory,available,4.34,21.94,high,low,7,spaceship,,,29/09/2026 13:17
26c2d0df-1b1b-4f66-ad67-66e21f923ef0,tippytoe.directory,available,4.98,36.98,medium,low,8,namecheap,,,11/09/2026 16:22
40597aca-378b-41dc-8309-4199613baea5,abradant.directory,available,4.98,36.98,medium,low,8,namecheap,,,
2cff0c3f-1511-4f09-934d-c6e26d244f22,lunt.directory,available,8.99,26.99,medium,low,4,namesilo,,,18/09/2026 06:40
09ae9836-f887-4229-9db4-c2c00ce9cd86,another.directory,available,4.63,22.14,high,low,7,porkbun,,,01/10/2026 00:35
68374dfe-9f6d-461e-8feb-a2bfe52667c2,rong.directory,available,8.99,26.99,low,low,4,namesilo,,,02/10/2026 02:50
ae5e7b85-a28d-4d7f-ad5a-ec8067b69830,esfahan.directory,available,8.99,26.99,medium,low,7,namesilo,,,20/09/2026 14:33
8e7a651c-8a74-4df4-a8bd-6d9b6cd97d2e,tuxedo.directory,available,8.99,26.99,high,low,6,namesilo,,,24/09/2026 01:52
beae3e43-737e-450e-b645-ed150c09d74c,notice.directory,available,8.99,26.99,high,low,6,namesilo,,,24/09/2026 16:29
992e2f29-879b-4ec0-89f4-26a975a2e756,reads.directory,available,8.99,26.99,medium,low,5,namesilo,,,19/09/2026 00:45
5e969cb3-4ae7-440e-8cf0-1a6c95d08f58,executives.directory,premium,23.6,23.6,high,low,10,namesilo,,,21/09/2026 01:35
fffc12d4-d164-41ac-b97c-f6f6d38f3197,gerard.directory,available,8.99,26.99,medium,low,6,namesilo,,,25/09/2026 13:17
2a757311-458b-4c97-b075-19de9dd40028,ravenswood.directory,available,21.2,21.2,medium,low,10,cloudflare,,,02/10/2026 20:56
a8d8d3e4-a435-4bd5-84d3-2885fa903546,cluttered.directory,available,4.98,36.98,medium,low,9,namecheap,,,12/08/2026 13:12
614fc9e6-7d18-4d6a-9996-941a426c440a,cxxxv.directory,available,4.98,36.98,medium,low,5,namecheap,,,
0ee805c7-8118-4938-ad3d-9a798cebc75e,classy.directory,available,4.98,36.98,high,low,6,namecheap,,,12/08/2026 09:52
bd4c6cc6-3ed4-496e-a634-f7bbd6d53106,tunnel.directory,available,8.99,26.99,high,low,6,namesilo,,,25/09/2026 03:48
0a5a61c1-795d-4fd1-a224-ee7cb469e009,shaped.directory,available,4.98,36.98,high,low,6,namecheap,,,25/08/2026 03:44
b288c235-ca2c-467c-b7c4-728f94c8f84b,interlocking.directory,available,21.2,21.2,high,low,12,cloudflare,,,02/10/2026 17:50
5e1d3d85-f065-4db2-97c2-a29ce936db83,polydactyl.directory,available,4.98,36.98,medium,low,10,namecheap,,,08/09/2026 23:13
9b09ceeb-7c3b-477c-9cf2-151a3be4e77e,bodily.directory,available,4.98,36.98,medium,low,6,namecheap,,,10/08/2026 16:52
22577e0e-e0a0-42e1-b4d9-2dab04d64b27,minimum.directory,available,4.98,36.98,high,low,7,namecheap,,,25/09/2026 20:24
6cd88f6d-563e-44de-9475-1d33ebe2c491,parker.directory,available,4.98,36.98,high,low,6,namecheap,,,23/09/2026 20:21
7111a5f5-f5b9-4a26-adcb-8cbf0bfa63b2,judas.directory,available,4.98,36.98,medium,low,5,namecheap,,,28/09/2026 19:35
9f143aed-b949-4f2e-a62a-3957cdc6665d,markers.directory,available,21.2,21.2,low,low,7,cloudflare,,,29/09/2026 06:04
84ce1cc5-f5da-4571-853e-18df9a01038c,adel.directory,available,4.34,21.94,high,low,4,spaceship,,,01/10/2026 22:36
9ff4d3eb-6833-4c8f-8b41-ba53e52d2f4d,prichard.directory,available,21.2,21.2,medium,low,8,cloudflare,,,02/10/2026 08:43
9ea9bd82-17b5-4f00-b4ee-c388562ed49a,javan.directory,available,4.98,36.98,high,low,5,namecheap,,,22/08/2026 12:30
7d70ae03-f6de-4f39-973c-301a45777af0,puppet.directory,available,7.99,47.99,high,low,6,godaddy,,,28/09/2026 02:20
07b0371e-888d-4533-86f3-db3f23132cd8,nightmare.directory,available,4.34,21.94,high,low,9,spaceship,,,30/09/2026 05:45
0acedd96-ca6d-48e4-978a-75c3800f4a26,perpetual.directory,available,4.98,36.98,high,low,9,namecheap,,,
1a9d611d-1e22-4f56-98a4-673b323e9ac4,sur.directory,premium,20.9,20.9,high,low,3,spaceship,,,01/10/2026 03:57
3a9a0cda-0721-49c6-bac3-5897fdcd1631,zane.directory,available,21.2,21.2,high,low,4,cloudflare,,,29/09/2026 04:01
fd808ee6-e6a0-48b9-9613-ab0209fa1d87,constitutes.directory,available,4.98,36.98,low,low,11,namecheap,,,30/09/2026 00:12
ff385cb3-4dab-46c0-965e-a3c11f40fd86,lockdown.directory,available,4.98,36.98,high,low,8,namecheap,,,30/09/2026 02:10
d3cc4597-5487-49f3-8bde-edf0637d55c8,suzhou.directory,available,4.34,21.94,medium,low,6,spaceship,,,02/10/2026 20:01
a28eb216-9a82-4a20-827a-f1628001a80d,armrest.directory,available,4.98,36.98,medium,low,7,namecheap,,,20/09/2026 07:41
3537a35b-36a7-437b-8972-9ff30c9a74ee,cockmaster.directory,available,21.2,21.2,low,low,10,cloudflare,,,01/10/2026 07:58
1c963f40-06fe-49f2-9ac8-35e497375384,stradivari.directory,available,4.98,36.98,medium,low,10,namecheap,,,19/09/2026 15:41
67dabdc3-2f68-4dc5-a7c8-14fdac517217,dickerson.directory,available,8.5,,medium,low,9,unstoppable,,,29/09/2026 09:51
8b892787-1243-4d90-938b-93368b28e8d6,correspondent.directory,available,8.5,,medium,low,13,unstoppable,,,29/09/2026 03:16
ac173200-7bcb-4da7-8c1f-01e31d988d54,patriotic.directory,available,8.99,26.99,high,low,9,namesilo,,,27/09/2026 03:06
b2a90d29-c67d-41c8-b91e-dc9619ea7a69,schematic.directory,available,4.98,36.98,high,low,9,namecheap,,,09/09/2026 23:02
dfd13095-f6a7-44c4-ab5d-10f17da6d2d6,valueless.directory,available,4.98,36.98,medium,low,9,namecheap,,,13/09/2026 01:01
36a9eadd-6b88-43e1-948a-0e4d3d887309,fernando.directory,available,8.99,26.99,high,low,8,namesilo,,,25/09/2026 14:20
d3e87f91-789a-4417-98c2-90a2b5bfdd0d,onslow.directory,available,8.99,26.99,medium,low,6,namesilo,,,02/10/2026 01:05
83055d61-0e09-48c7-b24e-59337fa12c1c,rap.directory,premium,23.6,23.6,high,low,3,namesilo,,,08/09/2026 10:15
40c901a0-21bb-4063-8035-1fd70c6c0683,apothecary.directory,available,4.98,36.98,high,low,10,namecheap,,,19/09/2026 19:42
270b10e8-4560-43cc-92b5-4d1c7f78d886,engagements.directory,available,4.34,21.94,medium,low,11,spaceship,,,30/09/2026 07:14
a2bf9d7f-a5cc-4c6b-90c7-1e7fa4292246,clawed.directory,available,4.98,36.98,medium,low,6,namecheap,,,12/08/2026 10:02
0a1a3a42-9821-4ae2-8687-09545700c966,undisclosed.directory,available,8.99,26.99,medium,low,11,namesilo,,,02/10/2026 13:43
4209fc5a-7d99-4fd3-a5c4-de4d8e018613,kolkata.directory,available,8.99,26.99,medium,low,7,namesilo,,,01/10/2026 01:15
cc545c9f-7011-4025-b97e-55bae38a0cb8,fireball.directory,available,8.99,26.99,high,low,8,namesilo,,,21/09/2026 22:35
c0a98bb4-e11f-4367-bf23-061b08852719,multiplication.directory,available,7.99,,medium,low,14,name.com,,,
245419e9-815a-437a-b423-fcfd3e4f6322,accidentally.directory,available,8.99,26.99,medium,low,12,namesilo,,,28/09/2026 03:20
178ee1c2-6f4f-4e3f-8b25-530082827049,joke.directory,available,4.98,36.98,high,low,4,namecheap,,,22/09/2026 06:20
f4466f25-374b-4e28-8e21-d20142adf28d,acetonic.directory,available,4.98,36.98,medium,low,8,namecheap,,,
040d388f-25bd-4218-836c-e997de19c0fe,commerce.directory,resell,,,high,low,8,Edomains LLC,10/05/2020 08:48,10/05/2027 08:48,01/10/2026 01:08
2eb21f8e-1d52-4079-adf6-fc31c37ff853,barth.directory,available,8.99,26.99,medium,low,5,namesilo,,,22/09/2026 09:03
3da21c93-9cf4-47f8-a2b8-071a960a9e7c,capacious.directory,available,4.98,36.98,medium,low,9,namecheap,,,11/08/2026 17:47
f7a434df-2617-4ed2-a5de-8e4db082c95a,meeting.directory,available,8.5,36.98,high,low,7,unstoppable,,,02/10/2026 11:39
a6ed7441-dcfa-4c26-adbe-6acfece41e11,stands.directory,available,7.99,,medium,low,6,name.com,,,
9353e385-f8e6-49f1-8a36-c4a05419722f,corvine.directory,available,4.98,36.98,medium,low,7,namecheap,,,13/08/2026 02:37
644255f5-09ac-4bc7-9e93-6ff9f28827bf,nonviolent.directory,available,8.5,36.98,high,low,10,unstoppable,,,02/10/2026 21:47
2e1217cb-983f-4dbc-8bb0-e7045491af21,bridges.directory,available,4.34,21.94,high,low,7,spaceship,,,29/09/2026 04:06
6b7ac30c-e271-4401-b1f7-8a26a64f5e01,jiffy.directory,available,4.98,36.98,high,low,5,namecheap,,,22/08/2026 07:30
3af846e0-ec46-40c9-8f3d-c5b81cc0cf41,sultrily.directory,available,4.98,36.98,medium,low,8,namecheap,,,16/09/2026 01:00
29c767d0-4968-41af-a658-f7d0d93a54aa,snowed.directory,available,8.99,26.99,medium,low,6,namesilo,,,20/09/2026 16:23
2aef66d6-bdc9-4b62-ad86-2a9de2be4be1,eyrie.directory,available,4.98,36.98,high,low,5,namecheap,,,
8c62fa2c-d20a-4e51-872a-68ef25156451,erosive.directory,available,4.98,36.98,medium,low,7,namecheap,,,13/08/2026 02:09
6a510b52-f861-42d8-876a-9b74c8fb0175,jejune.directory,available,4.98,36.98,medium,low,6,namecheap,,,22/08/2026 12:45
e3806da4-f2df-4c34-986e-f52eb70613a5,exhibit.directory,available,8.99,26.99,high,low,7,namesilo,,,27/09/2026 05:10
1ba4c9ed-9146-425f-a02f-e16de79484e0,malayalam.directory,available,4.34,21.94,high,low,9,spaceship,,,30/09/2026 17:57
f36a5ac0-0406-4d38-8d1e-f0312dd117e2,imagery.directory,available,4.34,21.94,high,low,7,spaceship,,,29/09/2026 19:16
e41c54f3-3150-4150-b14b-1c9f2a65df00,twine.directory,available,8.99,26.99,medium,low,5,namesilo,,,30/09/2026 01:53
2ae0d445-ae76-4c92-8508-114dcacda4a8,audacious.directory,available,8.99,26.99,high,low,9,namesilo,,,22/09/2026 12:06
edca6185-f1a0-4296-b43b-bd5a916260b2,dogsit.directory,available,7.99,,high,low,6,name.com,,,
bd79403f-4b92-4789-80cd-523f751ddb58,dalit.directory,available,8.99,26.99,high,low,5,namesilo,,,03/10/2026 03:49
92bc7f9d-3f94-470a-82da-5ef8ffc52f04,jennie.directory,available,4.63,22.14,medium,low,6,porkbun,,,01/10/2026 23:59
982f6d21-73de-4d73-892d-598797465ab7,constructing.directory,available,8.99,26.99,high,low,12,namesilo,,,01/10/2026 22:46
1a8514a9-6b49-4c04-93ba-b4ac42498180,monique.directory,available,4.34,21.94,high,low,7,spaceship,,,30/09/2026 05:03
64e6a779-f3b0-4749-9f02-fd0a729fb125,newly.directory,available,4.98,36.98,high,low,5,namecheap,,,18/08/2026 15:17
0ecc2155-69aa-472e-a3c8-af3d45fe2239,apios.directory,available,8.99,26.99,medium,low,5,namesilo,,,19/09/2026 17:25
128c5508-8dda-4d0c-b0a6-a714f6f26240,illume.directory,available,4.98,36.98,high,low,6,namecheap,,,23/08/2026 02:41
08e553eb-e2c0-4dac-81cf-f68586424ff7,cannot.directory,available,4.34,21.94,high,low,6,spaceship,,,01/10/2026 01:49
68dda3b7-697a-44f5-b3cc-ba4dd2f61927,unrealistic.directory,available,4.34,21.94,medium,low,11,spaceship,,,29/09/2026 21:08
3cf67269-d0ad-4050-ad58-1bf320f80251,vial.directory,available,8.99,26.99,high,low,4,namesilo,,,18/09/2026 23:48
5d4e8aec-fbfd-4995-9d79-bfdebe484de3,ards.directory,available,8.99,26.99,medium,low,4,namesilo,,,17/09/2026 10:14
5f3d9fdc-afca-4564-b022-769168ec747b,rawlinson.directory,available,8.5,,medium,low,9,unstoppable,,,02/10/2026 09:45
ba658afa-8b64-43c0-ac39-c4c300471292,cmt.directory,available,8.99,26.99,medium,low,3,namesilo,,,01/10/2026 07:02
a06278d0-f396-40d8-8037-d0182c3a15bb,eliza.directory,available,8.5,,high,low,5,unstoppable,,,02/10/2026 09:41
e7eb8405-8251-4da6-a466-294a67c17046,cfb.directory,available,4.34,21.94,high,low,3,spaceship,,,02/10/2026 19:08
b50e0e35-6ca9-40e3-9ada-2d461de1c905,patrols.directory,available,4.34,21.94,medium,low,7,spaceship,,,29/09/2026 11:26
3225c3be-c838-46c5-b211-2d87a2084801,blinding.directory,available,4.98,36.98,medium,low,8,namecheap,,,10/08/2026 13:42
ef1970ab-8732-4d13-96d2-21864ad48469,ribosomes.directory,available,8.99,26.99,low,low,9,namesilo,,,02/10/2026 03:56
4af3348e-fc31-465b-8571-3fb2aaa2ede5,quits.directory,available,4.98,36.98,high,low,5,namecheap,,,09/09/2026 09:02
f0672483-2be4-43f8-9e78-50f00365bf68,jessica.directory,available,4.98,36.98,high,low,7,namecheap,,,25/09/2026 18:08
7117f252-f4d2-41ee-91a6-5a56b84715f5,intestines.directory,available,4.34,21.94,low,low,10,spaceship,,,30/09/2026 22:51
c1bdb363-7a53-4758-a057-4d4728cfa826,divide.directory,available,4.34,21.94,high,low,6,spaceship,,,27/09/2026 20:14
99cc238f-b9d9-46fb-bd9f-cb53c71b7619,conflicts.directory,available,4.98,36.98,medium,low,9,namecheap,,,19/09/2026 21:22
70e4e226-14dd-48c9-8110-b2c0f7aee698,absorbing.directory,available,4.98,36.98,high,low,9,namecheap,,,21/09/2026 15:02
ff5f158f-0cbb-4876-8575-907c2ee7ce30,speciality.directory,available,4.98,36.98,high,low,10,namecheap,,,18/08/2026 12:32
ae31dceb-4851-4899-a27e-62415156add4,delacroix.directory,available,4.63,22.14,high,low,9,porkbun,,,02/10/2026 14:50
bc187b43-c319-4fb8-a8fc-237813b641a0,progressed.directory,available,4.34,21.94,medium,low,10,spaceship,,,30/09/2026 14:54
87239d09-919f-4f7b-a4a4-f34315c9ddcf,pella.directory,available,4.34,21.94,medium,low,5,spaceship,,,02/10/2026 19:14
20612bfe-7ad7-4dff-9398-f93b279cbb32,nkvd.directory,available,4.34,21.94,medium,low,4,spaceship,,,30/09/2026 04:47
dbb593c9-1b46-4405-89da-c90200feaf9b,aristocrats.directory,available,4.34,21.94,medium,low,11,spaceship,,,30/09/2026 15:48
c2ee1008-7dea-432b-855b-9088c5a376e2,dread.directory,available,4.98,36.98,high,low,5,namecheap,,,14/08/2026 18:38
e7e74cd4-9b91-4a1d-954b-5bac10e62b35,catch.directory,available,8.99,26.99,high,low,5,namesilo,,,28/09/2026 22:15
34714581-c797-492d-832a-d92af5e21966,socks.directory,available,8.99,26.99,high,low,5,namesilo,,,27/09/2026 08:18
2a247f9b-73b7-4ca4-9c9a-56350be8d727,adversity.directory,available,4.98,36.98,high,low,9,namecheap,,,17/09/2026 10:54
8e61d325-25c4-48aa-867e-2b783adc27f5,newhouse.directory,available,8.99,26.99,high,low,8,namesilo,,,02/10/2026 01:30
20e951e5-3002-40de-abfb-53837514c53c,downes.directory,available,4.98,36.98,medium,low,6,namecheap,,,30/09/2026 05:25
fa098af0-b309-4d7b-8d7d-454ce0e35552,ghg.directory,available,4.34,21.94,high,low,3,spaceship,,,03/10/2026 03:53
0ec2b46b-ae7d-468d-a07d-f07f9a79fa77,patsy.directory,available,4.34,21.94,medium,low,5,spaceship,,,02/10/2026 14:38
ddc0ba57-0f0f-4cd6-ae3e-59f055d93bf1,inseparable.directory,available,8.5,,high,low,11,unstoppable,,,01/10/2026 04:48
fd8a673d-f370-4673-9502-fe31e9132154,cheeses.directory,available,4.34,21.94,high,low,7,spaceship,,,01/10/2026 23:44
2b550244-454a-4ae9-8508-94cb7ad3ceb9,settling.directory,available,4.98,36.98,medium,low,8,namecheap,,,28/09/2026 20:24
3f5005f1-aaee-4ddb-8815-f9eb56d36041,farley.directory,available,8.99,26.99,medium,low,6,namesilo,,,30/09/2026 13:41
a3ab2f07-9649-4045-94fa-2c0b00e01952,quitting.directory,available,8.99,26.99,medium,low,8,namesilo,,,17/09/2026 01:45
ac59307c-75ae-4424-a4d6-219f2f11ea0b,meteorite.directory,available,8.99,26.99,high,low,9,namesilo,,,02/10/2026 05:46
bac4be2b-7008-4efc-8088-1b994182ba95,umpire.directory,available,8.99,26.99,medium,low,6,namesilo,,,20/09/2026 00:47
7376c473-742d-4513-9009-9f61b49b990f,akee.directory,available,8.99,26.99,medium,low,4,namesilo,,,17/09/2026 01:56
ede6e6b8-2c25-46b0-a8cd-8d555ba1b5a8,thoracic.directory,available,4.98,36.98,medium,low,8,namecheap,,,08/09/2026 12:02
908ae417-b784-4c72-a231-6bd93e8f4d99,conjugal.directory,available,4.98,36.98,medium,low,8,namecheap,,,12/08/2026 22:07
725026c2-2901-4523-a83d-f92bf0dea1ac,gaelic.directory,available,4.98,36.98,high,low,6,namecheap,,,11/08/2026 23:40
67e7abc7-4a97-42c5-beac-969c3e91d12c,timbered.directory,available,4.98,36.98,medium,low,8,namecheap,,,11/09/2026 15:59
86c35d31-44e5-454a-99fa-b2b40d2f9fde,subsidiaries.directory,available,8.99,26.99,medium,low,12,namesilo,,,20/09/2026 06:35
74c669b6-9bf5-4b6c-a8c1-4fc2236afc68,royally.directory,available,4.98,36.98,medium,low,7,namecheap,,,15/09/2026 12:01
7b7408e4-836b-41cf-8cb9-d96703b21a73,schilling.directory,available,4.98,36.98,high,low,9,namecheap,,,21/09/2026 04:58
b1727a17-c25e-418f-a6f9-90c916435629,oxalis.directory,available,4.98,36.98,medium,low,6,namecheap,,,10/09/2026 14:35
0d97a572-f35c-4fe2-a6c8-86c1622f489f,lefthanded.directory,available,4.34,21.94,high,low,11,spaceship,,,30/09/2026 22:36
835674e5-6869-43ae-a321-162bf9b2e25a,whirl.directory,available,8.5,,high,low,5,unstoppable,,,02/10/2026 14:44
6ee9dd26-b280-4fe9-9046-fe4d5a058f55,semitic.directory,available,4.98,36.98,medium,low,7,namecheap,,,10/09/2026 03:32
79f5dfd4-ac0d-4998-aef1-33319a386c71,doubter.directory,available,4.98,36.98,medium,low,7,namecheap,,,
102caf10-1025-41bf-9404-712b79b62807,implausible.directory,available,8.99,26.99,medium,low,11,namesilo,,,01/10/2026 09:12
8175201d-5c5c-470f-8456-db41938e4f2a,caldwell.directory,available,8.99,26.99,medium,low,8,namesilo,,,25/09/2026 03:55
3649fdb7-9ba7-4fbf-bddc-49ca146e663a,dampish.directory,available,7.99,33.99,medium,low,7,name.com,,,13/08/2026 16:41
c104cced-49f5-4438-a241-3fb0854f5285,mandaean.directory,available,4.98,36.98,medium,low,8,namecheap,,,24/08/2026 14:38
395d9cfc-333e-462e-8d05-c898fc7e9e30,primly.directory,available,4.98,36.98,medium,low,6,namecheap,,,15/09/2026 21:26
29dfe74d-63c3-442e-a066-1dcf345ee778,plentiful.directory,available,8.99,26.99,high,low,9,namesilo,,,27/09/2026 04:16
c9bddb85-7720-48a1-9002-abaa57c35705,misgiving.directory,available,8.99,26.99,medium,low,9,namesilo,,,24/09/2026 23:11
409dd672-c916-4698-a964-4175fcc77a56,taciturn.directory,available,4.98,36.98,medium,low,8,namecheap,,,11/09/2026 06:58
4c36759d-9204-4520-9a00-c345c8d9a2d7,assumed.directory,available,4.98,36.98,medium,low,7,namecheap,,,07/08/2026 07:45
a2699b41-b2a3-497b-8ef3-7e9aaf9f0e9d,multilayer.directory,available,4.5,22.69,medium,low,10,dynadot,,,02/10/2026 01:55
a76e8d16-5128-48a2-80a6-0857a700138d,adhere.directory,available,8.99,26.99,high,low,6,namesilo,,,23/09/2026 17:04
61663730-2889-4361-b3ba-74f7a1e4ae14,commandery.directory,available,8.5,,medium,low,10,unstoppable,,,29/09/2026 00:27
dc365e53-e109-46d1-9c1c-7c7e96775fac,gwyn.directory,available,4.34,21.94,medium,low,4,spaceship,,,02/10/2026 05:09
19f21a3e-4a90-4b36-be3a-f960b61c24b9,tracing.directory,available,8.99,26.99,high,low,7,namesilo,,,30/09/2026 13:25
14decede-ad9a-4905-9e91-d3a4a760406f,mustache.directory,available,8.99,26.99,high,low,8,namesilo,,,29/09/2026 19:43
67535f9d-0b37-47b9-a5e4-b5b68f725327,wig.directory,premium,23.6,23.6,high,low,3,namesilo,,,30/09/2026 14:43
5beb63ec-be4e-4c68-8ddd-d1b90860ba3e,bruxelles.directory,available,8.99,26.99,high,low,9,namesilo,,,23/09/2026 04:57
95efe56f-c089-4bd6-ab6b-b7383b118dc6,hindi.directory,available,4.98,36.98,medium,low,5,namecheap,,,21/08/2026 09:32
d1561027-f635-4e01-bc21-5f5fb9433908,barnyard.directory,available,4.98,36.98,high,low,8,namecheap,,,22/09/2026 06:58
035c2d00-bf99-4caf-9f5e-01a7a995f95a,antics.directory,available,21.2,21.2,medium,low,6,cloudflare,,,02/10/2026 12:58
478ef325-64ea-49c8-b06e-6ba0113ac8fe,caucasian.directory,available,4.98,36.98,high,low,9,namecheap,,,11/08/2026 22:16
683a8004-5c99-4e90-9496-62ce02d963d3,tomboys.directory,available,8.99,26.99,low,low,7,namesilo,,,20/09/2026 23:15
917de7e3-af92-42f8-9c33-48773cf9c168,translated.directory,available,8.5,,medium,low,10,unstoppable,,,29/09/2026 04:42
7bf2df76-d88c-4321-b51e-49ad8c5790a4,armiger.directory,available,8.99,26.99,medium,low,7,namesilo,,,20/09/2026 06:59
0209cba5-7250-4551-a764-b107b7722ccd,shirts.directory,available,8.99,26.99,medium,low,6,namesilo,,,27/09/2026 11:13
9c6decbe-a5a1-41cf-81cf-0ad2fe0e86cb,fortuitous.directory,available,4.98,36.98,high,low,10,namecheap,,,18/08/2026 12:43
822c2c5a-efff-4e9d-b82c-66d7cde08538,octavian.directory,available,4.98,36.98,medium,low,8,namecheap,,,21/09/2026 04:03
8bbe4a6e-74c5-4578-8eb7-b9b9a870266e,stalemated.directory,available,7.99,33.99,low,low,10,name.com,,,13/08/2026 19:29
9700cdd4-eaf2-4336-a92c-635d6af5743a,norfolk.directory,premium,102.67,102.67,high,low,7,spaceship,,,30/09/2026 05:50
f2ad5683-9e36-4478-b3d5-ba53279ba848,indirect.directory,available,4.98,36.98,high,low,8,namecheap,,,12/08/2026 16:43
d4bf18c3-4c32-4aaf-b5ae-4d61b755e081,deseret.directory,available,8.5,,medium,low,7,unstoppable,,,01/10/2026 23:59
0a466e84-d5f5-4d3a-ab42-0953c01aebfd,vacancies.directory,available,8.99,26.99,medium,low,9,namesilo,,,02/10/2026 03:59
abe120c4-61e5-4682-a057-3bac7993d0c0,foolhardy.directory,available,4.98,36.98,medium,low,9,namecheap,,,18/08/2026 10:28
fb117037-5e4a-4d2f-99d8-4aa65f635477,township.directory,available,4.63,22.14,high,low,8,porkbun,,,30/09/2026 19:01
7ca42b89-ccff-4eda-bad0-191034c088c0,urban.directory,premium,828.2,828.2,high,low,5,spaceship,,,28/09/2026 10:00
acab4e09-02a7-4d6f-ac86-bbb769ce88b0,apace.directory,available,4.98,36.98,medium,low,5,namecheap,,,13/09/2026 20:22
f26813c0-4b32-41c2-889a-10917c937707,sweetie.directory,available,4.98,36.98,high,low,7,namecheap,,,10/09/2026 19:34
c7ad263f-05df-4ec8-9320-ddfcf70c0106,fellows.directory,available,8.99,26.99,medium,low,7,namesilo,,,25/09/2026 13:03
b42c8d00-9aaf-4f99-9883-0304ed6fd974,fulfil.directory,available,8.99,26.99,high,low,6,namesilo,,,01/10/2026 22:07
0043c64e-56aa-4b46-85bd-0eba1f6d7c73,centres.directory,available,4.98,36.98,medium,low,7,namecheap,,,20/09/2026 08:17
a5267e6d-739b-4746-9c01-21384038ad9a,silvervine.directory,available,4.98,36.98,low,low,10,namecheap,,,17/09/2026 04:49
27e68ff6-1b72-4a59-80e4-51d6a58b3a90,maintain.directory,available,8.99,26.99,high,low,8,namesilo,,,29/09/2026 22:52
da077d32-847f-4931-980f-6e5d3e6bd7ab,tightly.directory,available,7.99,33.99,medium,low,7,name.com,,,16/09/2026 09:06
abe993b6-1ee7-44ab-ab87-e3d184754043,autonomy.directory,available,8.99,26.99,high,low,8,namesilo,,,21/09/2026 07:27
39f2ccd4-a683-411a-b4af-93bfaea77685,wrestle.directory,available,4.98,36.98,high,low,7,namecheap,,,29/09/2026 01:07
e8e380d1-a741-4b78-ae0d-4d3cd6cf6cd7,kurdish.directory,available,4.98,36.98,high,low,7,namecheap,,,22/08/2026 17:04
1d6f9cfc-bd0e-4f85-9f1f-a064bc4a4cd0,unannounced.directory,available,4.5,22.69,medium,low,11,dynadot,,,02/10/2026 01:44
7ebfe370-6dee-4e5e-8dc5-9f1ba92a49e3,elihu.directory,available,4.34,21.94,medium,low,5,spaceship,,,01/10/2026 07:45
19fb387e-12d4-46e4-b696-52243e170f41,argonne.directory,available,8.99,26.99,medium,low,7,namesilo,,,20/09/2026 04:36
bcfcce14-8d2d-4633-a917-3aae14e42925,violent.directory,available,4.98,36.98,high,low,7,namecheap,,,11/09/2026 09:46
b887d621-a68e-4fce-874d-913f86651324,analytics.directory,premium,11.19,22.36,high,low,9,porkbun,,,03/10/2026 04:08
fc6a0d53-6e1a-4be1-8694-17d98a2b0dc5,athens.directory,premium,128.7,128.7,high,low,6,namecheap,,,20/09/2026 20:44
935df2a3-88b6-4953-9e1b-929be18b92d6,intimal.directory,available,4.98,36.98,medium,low,7,namecheap,,,22/08/2026 08:28
9a65fd27-a776-473a-9bf7-17ea320cf63b,baulk.directory,available,4.98,36.98,medium,low,5,namecheap,,,14/08/2026 04:57
76441029-ea8e-4603-8bd9-429b8c1b793d,paraplegic.directory,available,4.98,36.98,medium,low,10,namecheap,,,08/09/2026 01:10
3a5f4bcd-4c44-4fa9-b2ce-aefe199b9e96,backbiter.directory,available,8.99,26.99,medium,low,9,namesilo,,,21/09/2026 15:08
80949248-5715-4d35-b282-4e8af7a4951e,rolfe.directory,available,4.34,21.94,medium,low,5,spaceship,,,30/09/2026 05:32
46790f75-53f4-473e-b6ed-25cc542eb0eb,regularly.directory,available,4.98,36.98,medium,low,9,namecheap,,,15/09/2026 17:25
7fcb10e9-aac7-4ca7-a1bf-b5f89ae58bbd,zoning.directory,available,4.34,21.94,high,low,6,spaceship,,,01/10/2026 04:08
c72946ab-d72a-45ae-a590-bed8aa63d795,roach.directory,available,8.99,26.99,medium,low,5,namesilo,,,29/09/2026 06:23
6dabeb35-d596-4156-a4e9-3cef2bbe1e31,surabaya.directory,premium,,,high,low,8,,,,02/10/2026 20:06
ee12a8a4-eb7d-436c-9ebe-bf377930b16f,hernando.directory,available,4.34,21.94,medium,low,8,spaceship,,,30/09/2026 05:31
6b94a7ef-f00b-4563-bfb3-97aa7f24c0a7,abreaction.directory,available,8.99,26.99,medium,low,10,namesilo,,,16/09/2026 17:06
73e92e0f-afc8-4edc-983b-fe0d43c54e78,carbonyl.directory,available,4.98,36.98,medium,low,8,namecheap,,,11/08/2026 18:41
76d16382-1daa-4417-91aa-bd6e8a9b3838,martine.directory,available,21.2,21.2,high,low,7,cloudflare,,,02/10/2026 00:09
f191df17-3e27-48bd-bcce-e29571f35992,georgie.directory,available,21.2,21.2,medium,low,7,cloudflare,,,30/09/2026 04:43
be13745b-914b-4d22-8075-9ce5007ed6f9,mates.directory,available,4.5,22.69,high,low,5,dynadot,,,28/09/2026 10:21
21f18af6-fa99-442d-acbd-f948a4ba829b,spareribs.directory,available,4.98,36.98,high,low,9,namecheap,,,22/09/2026 04:41
7276e577-e4f7-4243-a3fa-fe594e9998ac,walker.directory,available,4.98,36.98,high,low,6,namecheap,,,08/09/2026 12:36
ac28d6af-ed58-4601-b3ca-2c8d8a117d2b,bbb.directory,premium,,,high,low,3,,,,01/10/2026 23:02
5a3289fa-92f8-4e15-bb88-715d7c3487ae,abutilon.directory,available,4.98,36.98,medium,low,8,namecheap,,,16/09/2026 19:21
99619047-1596-45e0-bf25-a0e7eeacf120,exceptional.directory,available,8.99,26.99,high,low,11,namesilo,,,28/09/2026 11:15
51200777-73c0-44ed-9cd3-eb28242e7fe6,asin.directory,available,8.99,26.99,high,low,4,namesilo,,,20/09/2026 14:15
aefd896d-4cf8-4510-970e-2dfa62ddd8de,hsi.directory,available,4.98,36.98,medium,low,3,namecheap,,,02/10/2026 10:52
a317b5ff-9bc3-4e06-b584-9ba239f4b8f7,motivation.directory,available,8.99,26.99,high,low,10,namesilo,,,25/09/2026 21:49
a33e9eef-4214-40b8-bb6d-92b0134180d3,revenge.directory,available,8.99,26.99,high,low,7,namesilo,,,25/09/2026 10:18
15753532-7d4e-4db8-9131-839f61dd9ac0,willoughby.directory,available,8.99,26.99,high,low,10,namesilo,,,28/09/2026 00:32
410a5d95-2ae7-4b9a-ac5a-b9d390377d19,racking.directory,available,4.98,36.98,medium,low,7,namecheap,,,09/09/2026 09:25
356356ce-0548-4a69-9d42-5d82a1bef517,ackack.directory,available,4.98,36.98,medium,low,7,namecheap,,,
43c2823d-aeee-4f8d-88f3-0cf8c05b9075,garde.directory,available,8.5,,high,low,5,unstoppable,,,01/10/2026 22:37
c60b26e3-e3f9-45ff-9fe2-a1595ffbf0a6,zamora.directory,available,4.98,36.98,high,low,6,namecheap,,,29/09/2026 15:40
77dee48f-1713-42fe-9469-6f27208cc7ee,sensationally.directory,available,21.2,21.2,medium,low,13,cloudflare,,,02/10/2026 00:06
525be55a-f196-4a05-b43a-b0d053d1be00,philatelic.directory,available,4.98,36.98,medium,low,10,namecheap,,,08/09/2026 18:49
5b1edb34-7454-4396-be1f-03f1d80a8cf7,danville.directory,available,8.99,26.99,medium,low,8,namesilo,,,28/09/2026 04:20
6e4a99a2-fff0-40b7-9113-eb2d2bfb4efd,ferned.directory,available,4.98,36.98,medium,low,6,namecheap,,,18/08/2026 01:58
a96a836c-379e-425f-8a79-4f382145d72c,melanesian.directory,available,4.98,36.98,medium,low,10,namecheap,,,24/08/2026 19:29
1a999e07-742f-4039-8fef-7bfd6e50b6ed,diaper.directory,available,4.98,36.98,high,low,6,namecheap,,,03/09/2026 13:09
908910b2-2511-4a3a-b6bd-7b9d939f9020,lavender.directory,available,4.98,36.98,high,low,8,namecheap,,,22/08/2026 21:02
99aa70e6-2048-459f-b5d9-bc5ab7ed7eb9,calmly.directory,available,4.98,36.98,high,low,6,namecheap,,,14/09/2026 05:04
e3d5e84c-eb97-41d6-89b1-3e6f9d2ba6f6,thinly.directory,available,4.98,36.98,medium,low,6,namecheap,,,11/09/2026 13:26
657c3187-2aca-48fa-9321-f9215d9bbe86,subatomic.directory,available,4.98,36.98,medium,low,9,namecheap,,,10/09/2026 23:38
9aa191be-778e-4032-a4e2-81e11c93c771,acetum.directory,available,4.98,36.98,medium,low,6,namecheap,,,17/09/2026 00:18
15ac03d8-d035-4277-8d47-a424ac804c52,iia.directory,available,8.99,26.99,high,low,3,namesilo,,,01/10/2026 07:40
cd246151-e52f-4aad-8cac-d34cd02b9e0f,bites.directory,available,21.2,21.2,medium,low,5,cloudflare,,,28/09/2026 13:24
fda5d786-2f8d-4c09-9fa0-7f8e4797acca,horrors.directory,available,4.34,21.94,medium,low,7,spaceship,,,30/09/2026 00:17
af8a3e19-5ffd-4c6d-9fab-a5c0ce287304,drawback.directory,available,8.99,26.99,medium,low,8,namesilo,,,24/09/2026 23:54
341bb9c1-03cc-4f04-9e0c-0bbc47d89f23,touches.directory,available,8.99,26.99,medium,low,7,namesilo,,,28/09/2026 04:39
04fbb83f-73bf-4667-8b3d-36ecfa80fd83,bedamn.directory,available,7.99,33.99,low,low,6,name.com,,,13/08/2026 16:21
ac05e4a1-04f4-4902-a09a-6ba746aa1f25,moony.directory,available,4.98,36.98,medium,low,5,namecheap,,,14/08/2026 18:50
5f902a14-d352-4395-b70d-57c2148a857b,pinky.directory,available,8.99,26.99,high,low,5,namesilo,,,30/09/2026 10:27
55ff4c05-9d58-456e-9390-65b4245725d5,heavyweight.directory,available,8.5,,high,low,11,unstoppable,,,29/09/2026 03:05
d1e8fc17-47f7-463a-bc86-08d6c71e1b4a,gowns.directory,available,4.34,21.94,low,low,5,spaceship,,,01/10/2026 18:12
7ca8cb95-37c2-4844-808c-35820fe65ee1,insured.directory,resell,,,high,low,7,"GoDaddy.com, LLC",05/02/2026 01:18,05/02/2027 01:18,26/09/2026 06:54
50f2ba31-71d0-467c-b42f-d11dd1973d1f,competitions.directory,available,4.34,21.94,medium,low,12,spaceship,,,01/10/2026 18:30
fc111851-b48f-4f94-9502-742e1b1f41cd,over.directory,available,8.99,26.99,high,low,4,namesilo,,,22/09/2026 00:56
8c895d79-d833-442a-b3e5-9a47561b3c3c,zag.directory,premium,23.6,23.6,high,low,3,namesilo,,,13/09/2026 15:17
f96887a8-f02a-4ed8-b817-49b604865ebc,arnica.directory,available,7.99,33.99,high,low,6,name.com,,,20/09/2026 08:11
f39f372d-20aa-41b8-8a7d-00f8d50a9012,semiformal.directory,available,4.98,36.98,high,low,10,namecheap,,,10/08/2026 11:42
21ef3fb7-cb31-4003-9b7c-a036bb389c32,pariah.directory,available,4.98,36.98,medium,low,6,namecheap,,,04/09/2026 19:07
c65cf4a4-fddb-4f2b-a60e-d4d054ab88ce,expires.directory,available,8.99,26.99,medium,low,7,namesilo,,,20/09/2026 13:50
d3a4ef3c-551e-4fb2-8f97-596cff43a441,kisses.directory,available,4.34,21.94,medium,low,6,spaceship,,,28/09/2026 04:53
2cf67914-879a-42f1-8f88-ff91b9992799,shrimp.directory,available,4.98,36.98,high,low,6,namecheap,,,29/09/2026 22:02
92e8d43b-92ca-4606-9199-57c80b23eb58,tientsin.directory,available,4.34,21.94,medium,low,8,spaceship,,,02/10/2026 16:55
f998abaf-99e4-4471-9141-91e1c2efd359,feasible.directory,available,4.98,36.98,high,low,8,namecheap,,,17/08/2026 16:48
ca30e3f7-e22d-41a5-af2f-e898e728f7cf,nod.directory,premium,20.5,,high,low,3,unstoppable,,,28/09/2026 10:34
cb6522ec-20c4-4897-9be6-b04ab7b0d200,incorrect.directory,available,8.99,26.99,high,low,9,namesilo,,,25/09/2026 08:08
b9756496-6ef0-4f9b-a964-b76816b28545,unkeyed.directory,available,4.98,36.98,low,low,7,namecheap,,,07/08/2026 13:50
43cf4cdc-8096-4734-a3b9-0a98d427344a,adlai.directory,available,4.34,21.94,medium,low,5,spaceship,,,03/10/2026 04:50
70042d50-4af0-4d34-87b1-2dc881b777a9,suits.directory,available,8.99,26.99,high,low,5,namesilo,,,18/09/2026 12:41
86007ba6-a35f-4f77-9328-4d55407734f6,mooch.directory,available,4.98,36.98,medium,low,5,namecheap,,,11/08/2026 09:27
998ea1b4-8e6f-430c-bbd6-059020fd3623,snotty.directory,available,4.98,36.98,medium,low,6,namecheap,,,09/08/2026 20:42
6373164f-5ed5-470f-8ee1-fb7e38461493,muir.directory,available,4.34,21.94,medium,low,4,spaceship,,,29/09/2026 19:25
b6978ed8-5437-4815-a436-b3c4bd2ae9b0,omission.directory,available,8.99,26.99,high,low,8,namesilo,,,03/10/2026 00:27
8f087fa2-3fb1-435d-995f-8ff5c40665a5,improved.directory,available,4.98,36.98,high,low,8,namecheap,,,21/08/2026 23:15
0f911520-2d65-416c-87e1-4d7ea8cd29c9,huygens.directory,available,4.5,22.69,medium,low,7,dynadot,,,03/10/2026 00:02
3c927e43-f93d-42fe-8fa2-f6bb0633b9e4,sodium.directory,available,8.99,26.99,high,low,6,namesilo,,,20/09/2026 22:13
af3df9cd-c48f-4400-9bd2-b859c3e863ed,palmate.directory,available,4.98,36.98,medium,low,7,namecheap,,,04/09/2026 23:55
6c53011b-5d18-4fed-8cba-c40ef9d9c43b,baiting.directory,available,4.98,36.98,medium,low,7,namecheap,,,21/09/2026 19:58
89745fe2-c5af-438f-9262-5d7072aa2c3b,neuromotor.directory,available,4.98,36.98,medium,low,10,namecheap,,,03/09/2026 16:18
6601de35-f79b-440d-a9a8-501800ad15f8,makings.directory,available,8.99,26.99,high,low,7,namesilo,,,20/09/2026 04:27
27bc55ce-6c5f-4d46-b37b-2eebc4b511cf,bessemer.directory,available,8.99,26.99,high,low,8,namesilo,,,23/09/2026 10:28
974e32c6-3ed0-4af0-ba32-5ae3252dc56d,motorcar.directory,available,8.99,26.99,high,low,8,namesilo,,,21/09/2026 05:29
cd2f0f48-3e7b-42c0-b7a1-de2052d4b357,announcing.directory,available,4.34,21.94,medium,low,10,spaceship,,,29/09/2026 05:34
588c2ad9-4a19-4f49-900c-fa5e2b7106a1,fred.directory,available,8.99,26.99,high,low,4,namesilo,,,25/09/2026 11:53
ea85ddbd-0096-444d-85c7-31a20244a915,terms.directory,available,21.2,21.2,high,low,5,cloudflare,,,29/09/2026 19:50
6b67cc5c-1500-4889-9eea-bd6ec31d7c78,row.directory,premium,23.6,23.6,high,low,3,namesilo,,,25/09/2026 05:05
1a15f62f-bca9-4e16-af7c-803c9a51e995,allergenic.directory,available,4.98,36.98,medium,low,10,namecheap,,,
fc0af220-229a-47de-a367-44129b8710ee,aegir.directory,available,4.98,36.98,medium,low,5,namecheap,,,14/08/2026 22:18
ad94bbf2-c657-4268-a553-007cf84240bf,affaire.directory,available,8.99,26.99,medium,low,7,namesilo,,,17/09/2026 14:00
dc0caade-94a7-422d-a71b-3eaf76b82316,debauch.directory,available,4.98,36.98,medium,low,7,namecheap,,,13/08/2026 02:20
1d3daf79-72f6-46f1-8657-78d3a1dac33c,ambiance.directory,available,8.99,26.99,high,low,8,namesilo,,,18/09/2026 16:40
d8c109c0-5d66-4c53-9bc2-5a7dbab95bf7,packable.directory,available,4.98,36.98,medium,low,8,namecheap,,,04/09/2026 22:41
f0e06cd2-a145-4f04-99fb-42d812d27ebd,bleach.directory,available,8.99,26.99,high,low,6,namesilo,,,24/09/2026 03:49
77f1cbe4-71b4-400f-a956-93ab4227289a,countrymen.directory,available,8.99,26.99,medium,low,10,namesilo,,,01/10/2026 16:35
f46eefa5-f46b-4986-8576-5bdfb0c52434,pile.directory,available,4.98,36.98,high,low,4,namecheap,,,25/08/2026 00:39
01a266fe-5f39-4e1c-b7df-2784109c62af,accusative.directory,available,4.98,36.98,high,low,10,namecheap,,,
ba914926-46f5-4575-8527-adde7bf9a5ef,cemeteries.directory,available,8.5,,medium,low,10,unstoppable,,,30/09/2026 14:40
c815cd93-eea3-46ab-ae8a-25699a39cbc3,lovely.directory,available,4.98,36.98,high,low,6,namecheap,,,21/09/2026 19:31
7bbed16c-cdd0-45ea-9226-72b2ca84d6c5,sensually.directory,available,4.98,36.98,medium,low,9,namecheap,,,16/09/2026 00:58
b1c839ca-d4b2-40f4-aa62-de1b62b0fab4,nikita.directory,available,8.5,,high,low,6,unstoppable,,,29/09/2026 04:05
57727010-695d-4823-9459-e778f7f3bf5e,farr.directory,available,8.99,26.99,medium,low,4,namesilo,,,28/09/2026 22:15
b0582335-05f7-4d3a-923a-ee5384e8991a,shades.directory,available,8.5,,high,low,6,unstoppable,,,28/09/2026 18:53
9cdbefae-a10c-4be6-abea-4a3156c489b4,pfa.directory,available,4.63,22.14,high,low,3,porkbun,,,02/10/2026 20:00
2cfa05b6-5834-42b3-bf3d-5b3cd36859a4,columella.directory,available,4.34,21.94,medium,low,9,spaceship,,,30/09/2026 09:13
01a7c277-8d21-4849-873e-0a1ec92e1d83,talismanic.directory,available,4.98,36.98,medium,low,10,namecheap,,,11/09/2026 07:30
d3f74ee5-a96a-4766-99be-9c1f0d745d65,sublime.directory,available,4.98,36.98,high,low,7,namecheap,,,17/08/2026 15:39
3e833821-eee0-415f-bcef-5862f11c690e,admirable.directory,available,8.99,26.99,high,low,9,namesilo,,,21/09/2026 18:46
ec306fe8-e672-450c-bd60-f990d30af083,firefighter.directory,available,4.63,22.14,high,low,11,porkbun,,,30/09/2026 23:57
e4084c72-cfd6-4c3f-b2e5-a019b4e77a0f,larry.directory,available,8.99,26.99,high,low,5,namesilo,,,25/09/2026 12:43
ef51e639-d87d-42d5-81bf-5770a05d523b,knocked.directory,available,8.99,26.99,low,low,7,namesilo,,,25/09/2026 18:45
3c493535-015c-4bd5-bfbd-f1abac3e1149,mexicano.directory,available,8.5,,high,low,8,unstoppable,,,02/10/2026 16:06
ee79ab6d-97cc-4191-a9b0-f255fdf2aa08,moonlike.directory,available,4.98,36.98,medium,low,8,namecheap,,,25/08/2026 05:49
e016f91e-7e54-4699-a64d-03e6091a5869,limerick.directory,available,4.34,21.94,high,low,8,spaceship,,,03/10/2026 01:29
48388a92-a6f3-4887-a99d-d036e3be587f,basque.directory,available,8.99,26.99,medium,low,6,namesilo,,,22/09/2026 11:41
c7a9f3dd-e268-4edf-8925-b05bc21455cc,lambent.directory,available,4.98,36.98,medium,low,7,namecheap,,,
3412081e-b655-44f7-a4f1-790af9ab3265,briny.directory,available,4.98,36.98,medium,low,5,namecheap,,,11/08/2026 04:25
12a63eee-7bab-4708-9e3b-f842bfc1f4f0,chekov.directory,available,4.98,36.98,medium,low,6,namecheap,,,19/09/2026 15:28
555d05c8-c4f0-48d0-92b4-e29bf60a3852,meantime.directory,available,8.99,26.99,high,low,8,namesilo,,,25/09/2026 10:12
5c810568-fc1e-4431-85ce-f6c738e2f6a5,cupping.directory,available,4.98,36.98,high,low,7,namecheap,,,24/09/2026 20:18
05cdaddd-c6b4-4e37-9e3f-35e9d76888e2,struggle.directory,available,21.2,21.2,high,low,8,cloudflare,,,29/09/2026 09:49
4f3b1f42-1338-4f93-ad61-93698ef1d150,diabetic.directory,available,8.99,26.99,high,low,8,namesilo,,,25/09/2026 04:35
f7d13f30-ae8a-4d64-bd8e-82fbaf051452,victims.directory,available,7.99,33.99,medium,low,7,name.com,,,18/09/2026 21:07
8b19b7e8-4d33-45b5-896a-8e7644a537eb,reggie.directory,available,4.98,36.98,high,low,6,namecheap,,,28/09/2026 07:45
c3a42ac0-8275-4485-a109-d440c7a5ab31,ultra.directory,available,8.99,26.99,high,medium,5,namesilo,,,25/09/2026 15:02
8b444962-703a-4d5b-a1e1-d1a1dd2e5463,ouch.directory,available,8.99,26.99,medium,low,4,namesilo,,,02/10/2026 06:49
16e5b3ad-a9bf-45a8-a78e-63373507e427,fibers.directory,available,8.99,26.99,medium,low,6,namesilo,,,29/09/2026 10:34
5309686f-6fe2-4fd8-b586-62e3860d7752,forgotten.directory,available,4.98,36.98,high,low,9,namecheap,,,14/08/2026 12:18
3ad8e70e-4a18-4712-abf5-6bbc3ecdb198,bryan.directory,available,21.2,21.2,high,low,5,cloudflare,,,29/09/2026 03:53
83a57040-62f1-413c-ad55-b0dfb433d7a3,inventive.directory,available,8.99,26.99,high,low,9,namesilo,,,01/10/2026 15:50
061e5cc9-8591-4bd7-b868-5fdc79c06667,thankless.directory,available,4.98,36.98,medium,low,9,namecheap,,,11/09/2026 12:28
94423274-3b4c-4ee4-bf67-6be52d16a697,cantonment.directory,available,4.98,36.98,medium,low,10,namecheap,,,11/08/2026 15:52
16a03e87-3391-4f69-b132-db2f2181ed36,directions.directory,available,8.99,26.99,high,low,10,namesilo,,,27/09/2026 09:16
6029f0f8-3e2b-49fa-96e6-0fdcf5e6b595,trier.directory,available,4.98,36.98,medium,low,5,namecheap,,,21/09/2026 01:21
730cfdeb-fe16-4c47-a0dc-270501fe68f6,myopic.directory,available,4.98,36.98,medium,low,6,namecheap,,,03/09/2026 12:14
5e53ba40-7447-4888-a13c-d58ed3e79586,fray.directory,available,8.99,26.99,medium,low,4,namesilo,,,01/10/2026 19:39
a0f3ac13-d05c-4457-b6fa-e6aab02473b1,scads.directory,available,4.98,36.98,high,low,5,namecheap,,,14/09/2026 23:36
f6d67702-43c3-467f-9b19-cf55445dd808,abortive.directory,available,4.98,36.98,medium,low,8,namecheap,,,
f50e6536-99a8-4911-9944-294b4ec80a86,jutland.directory,available,8.99,26.99,medium,low,7,namesilo,,,22/09/2026 15:18
6d1f00a5-81bc-4ba3-88cf-0e3ad18764d8,stays.directory,available,4.98,36.98,high,low,5,namecheap,,,24/09/2026 18:24
050023ea-8135-4605-a137-b1fea328573c,signally.directory,available,4.98,36.98,medium,low,8,namecheap,,,16/09/2026 01:49
7da5afac-77f4-49a5-855b-7a342341aa67,accursed.directory,available,4.98,36.98,medium,low,8,namecheap,,,
4edcd0f4-54c2-4593-939d-eb90b2bcf93a,sinclair.directory,available,7.99,33.99,high,low,8,name.com,,,25/09/2026 04:16
48bfe9c0-abb3-4a24-b2bf-628fd49b4f2d,awaiting.directory,available,4.5,22.69,low,low,8,dynadot,,,28/09/2026 17:49
3153bfca-9dd1-4c0b-b5a9-a1264060508c,cognisant.directory,available,4.98,36.98,medium,low,9,namecheap,,,08/08/2026 00:18
576a2026-0512-4b93-913f-347ba9a4675b,squishy.directory,available,4.98,36.98,medium,low,7,namecheap,,,10/09/2026 16:26
20cfd526-8f55-414b-b6f0-1290a6d149ab,parasite.directory,available,4.63,22.14,medium,low,8,porkbun,,,29/09/2026 01:47
d7af9bab-4510-4c56-877d-5e83ef94dd24,maris.directory,available,8.5,,high,low,5,unstoppable,,,30/09/2026 05:12
ae40c2eb-a669-4725-823e-aa4da1a4bd85,moon.directory,resell,,,high,medium,4,"GoDaddy.com, LLC",08/01/2021 04:33,08/01/2027 04:33,30/09/2026 03:35
5fa39019-a39f-4f34-92ff-7f1a82240101,favour.directory,available,8.99,26.99,high,low,6,namesilo,,,25/09/2026 05:51
90da09a9-d227-444f-adff-78b7f4a62be1,invade.directory,available,8.5,,medium,low,6,unstoppable,,,28/09/2026 15:34
d80777ef-2d0d-4085-b718-5ad544be9fc0,bras.directory,available,8.99,26.99,high,low,4,namesilo,,,17/09/2026 13:20
b6cd4ce4-a0d5-4a4a-8b28-d82bc5a9c4c5,glamour.directory,available,4.98,36.98,high,low,7,namecheap,,,21/08/2026 07:43
bf8234aa-6510-4ae1-90ae-c735a7118682,hallelujah.directory,available,21.2,21.2,high,low,10,cloudflare,,,29/09/2026 19:07
2e138675-7141-4ea5-b7d0-308141261adb,urbanism.directory,available,4.34,21.94,high,low,8,spaceship,,,02/10/2026 21:09
2f0d2b82-4206-4cf6-9b95-47309fadabb8,vestibule.directory,available,4.98,36.98,high,low,9,namecheap,,,19/09/2026 12:47
f33d9881-c8b0-4e6d-b256-7f2810bab4f0,riots.directory,available,8.99,26.99,low,low,5,namesilo,,,29/09/2026 05:50
e0e62b97-b018-427c-82f3-8e1c09ae5eb2,carol.directory,available,8.99,26.99,high,low,5,namesilo,,,24/09/2026 13:02
5a3e840a-67c0-49a4-b473-d7d8f3633e2c,penning.directory,available,8.99,26.99,medium,low,7,namesilo,,,21/09/2026 05:27
84d5d2ad-ed2e-4616-8a4d-b83f83bee93b,bogart.directory,available,4.34,21.94,medium,low,6,spaceship,,,02/10/2026 23:38
8ed0dd7f-0169-4f98-b764-4f16b41d8180,emerson.directory,available,4.98,36.98,high,low,7,namecheap,,,29/09/2026 00:47
d685baf1-9eb7-4161-bb5a-da972edbaabc,mythologic.directory,available,4.98,36.98,medium,low,10,namecheap,,,03/09/2026 12:33
12e3fa43-05cc-484d-89d4-09ff06b8a6c4,envy.directory,available,8.5,,high,low,4,unstoppable,,,28/09/2026 05:36
079b2e79-9096-4b85-903b-5677db3a33f8,intervals.directory,available,4.34,21.94,medium,low,9,spaceship,,,29/09/2026 23:54
3c419c4a-5b87-416b-b0eb-25da154cddff,departed.directory,available,4.98,36.98,medium,low,8,namecheap,,,07/08/2026 11:31
f077c6dd-85b4-48f9-bf6d-2156a8ca6f59,lyttelton.directory,available,8.99,26.99,medium,low,9,namesilo,,,02/10/2026 01:07
c3802861-ad9a-4f95-999d-8603fe370e9c,zombies.directory,available,8.99,26.99,medium,low,7,namesilo,,,18/09/2026 03:58
7afb1674-7de1-491e-936e-985dd9990d19,bombastic.directory,available,4.98,36.98,high,low,9,namecheap,,,10/08/2026 18:01
9ca4e47b-2814-4afe-bcc4-20d6bbfee826,barish.directory,available,8.99,26.99,medium,low,6,namesilo,,,22/09/2026 06:05
965e230f-7a9b-41b2-adb0-17d30fbd5cd1,allegation.directory,available,8.99,26.99,high,low,10,namesilo,,,18/09/2026 10:09
6acec6f3-3e94-4624-9f7f-33506a9db1c2,nought.directory,available,8.99,26.99,high,low,6,namesilo,,,21/09/2026 10:34
a47cd67e-875d-40db-9e5d-607c15c3f8a2,algometer.directory,available,4.98,36.98,medium,low,9,namecheap,,,18/09/2026 07:11
97c6787b-7912-4196-8f37-f87e65773eda,minor.directory,available,4.98,36.98,high,low,5,namecheap,,,25/09/2026 20:28
10f074db-2d0d-40e8-9ceb-edf5caada2ce,ulama.directory,available,21.2,21.2,medium,low,5,cloudflare,,,02/10/2026 17:01
b8f2f411-1c42-43b7-9928-b48ad509cfd8,frith.directory,available,4.98,36.98,medium,low,5,namecheap,,,30/09/2026 19:50
85508d68-07ec-4a07-875a-59c05ca314e2,frozen.directory,available,4.98,36.98,high,low,6,namecheap,,,24/09/2026 19:29
56f3a35b-7b4f-4513-9f1d-456bc39f7025,farrell.directory,available,8.99,26.99,medium,low,7,namesilo,,,25/09/2026 05:20
afdb4ae2-2f71-457d-a7c4-1b9ee73d552a,sycophant.directory,available,4.98,36.98,medium,low,9,namecheap,,,20/09/2026 15:34
084c2033-1032-4e35-8f0c-3f1f57bd66f1,scrimpy.directory,available,4.98,36.98,medium,low,7,namecheap,,,24/08/2026 18:10
102c8e0d-d869-41c2-bdc0-be35810a7d7e,realism.directory,available,4.34,21.94,high,low,7,spaceship,,,29/09/2026 13:31
3f896b80-8cd0-4ac9-9db4-3e253b9fed59,ascend.directory,available,4.34,21.94,high,medium,6,spaceship,,,30/09/2026 03:12
0ae9d0b9-2488-491c-882c-f5ad9d0de5c1,silverware.directory,available,8.5,,high,low,10,unstoppable,,,30/09/2026 02:53
137b90e7-1c0e-4763-88cb-cb60b849bc1e,bart.directory,available,8.99,26.99,high,low,4,namesilo,,,22/09/2026 07:32
1205d130-f2e2-47e5-937f-746db4f4c740,utmost.directory,available,8.99,26.99,high,low,6,namesilo,,,24/09/2026 17:09
ef156fb9-2aba-4d19-a960-6db5ce1aa123,lapsed.directory,available,4.98,36.98,medium,low,6,namecheap,,,22/08/2026 19:47
7efff5e9-76d0-458e-a1f9-06a6f342f3c7,marshals.directory,available,4.34,21.94,high,low,8,spaceship,,,30/09/2026 18:01
d8b33f54-7daa-4fd4-b0a8-762c763969de,acceptive.directory,available,4.98,36.98,medium,low,9,namecheap,,,
c331c53f-54fd-4c08-9acd-6bbd79eeed87,fecund.directory,available,4.98,36.98,medium,low,6,namecheap,,,18/08/2026 00:34
bba16b2f-7fa7-4f5c-9d5c-32d13d2ba93d,mississippi.directory,premium,414.2,414.2,high,low,11,spaceship,,,28/09/2026 03:26
50ba38fd-dc18-4e96-990a-9c0ffa5a0b24,nerves.directory,available,8.99,26.99,medium,low,6,namesilo,,,27/09/2026 04:51
42e43bec-8fb8-4337-aa6b-0e24b4a8f53b,holyoke.directory,available,8.5,,medium,low,7,unstoppable,,,28/09/2026 08:11
87f978aa-2d9c-4f9f-94c1-cd0df936a2d9,garments.directory,available,4.98,36.98,medium,low,8,namecheap,,,30/09/2026 23:02
86a8a3d3-182a-42e3-a681-e6f7d7479e4a,augsburg.directory,available,4.34,21.94,high,low,8,spaceship,,,27/09/2026 20:03
d5ba7b87-dd0f-45af-8fb2-5525f0a87789,basilar.directory,available,4.98,36.98,medium,low,7,namecheap,,,08/08/2026 22:16
52214dcf-2d58-4400-a167-5214a48d3b0e,bugged.directory,available,8.99,26.99,medium,low,6,namesilo,,,23/09/2026 10:21
d767db38-8eeb-4641-8783-b5ded36bac49,cursively.directory,available,4.98,36.98,medium,low,9,namecheap,,,14/09/2026 10:07
7fbfc086-1301-4f7a-9387-4113153ed4e7,florence.directory,premium,,,high,low,8,,,,28/09/2026 05:43
0ff53e6b-21c2-4b91-8590-721291ebc5cd,companions.directory,available,8.99,26.99,medium,low,10,namesilo,,,29/09/2026 05:19
3eb0b80f-ffd9-4dfb-9d58-5188371e8768,consolidate.directory,available,8.99,26.99,high,low,11,namesilo,,,01/10/2026 04:56
b55a07d8-deb2-4197-9109-6f7bbedeb7f3,annexe.directory,available,8.99,26.99,medium,low,6,namesilo,,,19/09/2026 10:24
263ca069-68f9-4f3c-8684-bf2b03cdb226,nagging.directory,available,4.98,36.98,medium,low,7,namecheap,,,03/09/2026 12:41
ab0e78c0-4317-4281-9003-5d9b5b66056e,fussy.directory,available,4.98,36.98,medium,low,5,namecheap,,,08/08/2026 07:47
2f5cc747-2253-41ac-ab57-bcaf8720f12c,toothbrush.directory,available,4.5,22.69,high,low,10,dynadot,,,01/10/2026 03:46
fb3d7be2-a473-4164-9eaa-cb64e7815abd,erected.directory,available,8.99,26.99,medium,low,7,namesilo,,,01/10/2026 22:38
7753b259-c296-4ada-b59d-5d647d7848d0,countless.directory,available,4.98,36.98,high,low,9,namecheap,,,24/09/2026 00:28
86967e65-cd86-4d7f-b9e9-d999a98aaad6,serenely.directory,available,4.98,36.98,medium,low,8,namecheap,,,16/09/2026 01:06
50169d82-39c7-4e7c-a7c7-6bda04f94668,erika.directory,available,4.34,21.94,high,low,5,spaceship,,,02/10/2026 08:28
968fd350-d470-4922-80e3-9d425784214b,northridge.directory,available,4.98,36.98,medium,low,10,namecheap,,,30/09/2026 14:03
4d66b800-dba8-44e7-9355-55da19c0ebf2,whites.directory,available,4.34,21.94,high,low,6,spaceship,,,28/09/2026 16:57
2aa5862f-cbb7-4050-a21d-96c559ff0b51,enate.directory,available,4.98,36.98,medium,low,5,namecheap,,,16/08/2026 21:18
4aa341ce-939e-4a4c-9d57-ed482b6abef8,noticeable.directory,available,8.99,26.99,high,low,10,namesilo,,,24/09/2026 07:23
58620995-3019-4a80-bbb5-2deebe6f3221,trifle.directory,available,4.98,36.98,high,low,6,namecheap,,,13/09/2026 08:07
729fab9b-3715-4538-b5bd-03e650a1ada2,uma.directory,available,4.34,21.94,high,low,3,spaceship,,,29/09/2026 12:33
1b766219-40e9-4c9b-a767-819cb050f109,chl.directory,premium,,,high,low,3,,,,30/09/2026 04:21
6dc90b38-bec8-49a5-8215-175b19894548,agricultural.directory,available,4.34,21.94,high,low,12,spaceship,,,30/09/2026 03:28
b721c515-4f68-440f-886f-752c6090d85e,elliptic.directory,available,4.98,36.98,high,low,8,namecheap,,,15/08/2026 17:59
76be7c8b-2586-4ffd-ab2a-95ce6d524c71,magnum.directory,available,21.2,21.2,high,low,6,cloudflare,,,28/09/2026 06:19
881bb1a9-f799-497e-8343-7c9bc418e93a,subterranean.directory,available,4.5,22.69,high,low,12,dynadot,,,02/10/2026 21:12
5ff96d01-a5aa-4b85-a17d-d84bcaa3948d,dated.directory,available,7.99,33.99,medium,low,5,name.com,,,13/08/2026 18:40
60f241bd-0882-471c-b663-c4218b8846b7,excess.directory,available,4.98,36.98,high,low,6,namecheap,,,17/08/2026 16:06
51f64f79-83cc-4cd4-97ee-4f3a6b5d6e83,powdery.directory,available,4.98,36.98,medium,low,7,namecheap,,,18/08/2026 04:39
c6ae3c61-34e7-41b9-9c3e-ca1f86c24a02,inscribe.directory,available,8.99,26.99,high,low,8,namesilo,,,21/09/2026 06:39
0373115e-e438-4c33-a9ec-4fddfd24214f,pvc.directory,available,4.34,21.94,high,low,3,spaceship,,,29/09/2026 01:51
db3f7048-cb54-4d18-88c2-660bd6d0e749,kingston.directory,premium,54.36,108.6,high,low,8,porkbun,,,29/09/2026 00:19
6453cdcb-c7f4-49b7-ad0e-1061eaefd6a5,magnolia.directory,available,8.99,26.99,high,low,8,namesilo,,,30/09/2026 10:32
b903bbff-610f-4371-bc43-46e74861918d,cdma.directory,available,8.5,,high,low,4,unstoppable,,,02/10/2026 08:17
0821dcfb-8c34-48be-8529-d2778cc58c3f,flamboyant.directory,available,8.99,26.99,high,low,10,namesilo,,,22/09/2026 12:57
181d7ccf-0c8b-4605-9244-2f276d53827d,condemn.directory,available,4.5,22.69,medium,low,7,dynadot,,,30/09/2026 10:53
391e95ca-177d-48d1-a8bc-8335141cbc3f,atrovent.directory,available,8.99,26.99,medium,low,8,namesilo,,,21/09/2026 01:03
3dee2276-c004-4a09-a1ff-c61486cac88d,pruitt.directory,available,8.99,26.99,medium,low,6,namesilo,,,02/10/2026 00:43
97855f22-bc59-4e44-88ae-4d7de8f8d8a6,billings.directory,premium,118.8,118.8,high,low,8,namesilo,,,23/09/2026 16:32
d1b7f648-3747-404c-89c0-c34f3930e546,barbican.directory,available,8.99,26.99,medium,low,8,namesilo,,,22/09/2026 04:18
417e2bbf-84f2-4ae8-ba91-1b321f2bdaf5,lesions.directory,available,8.5,,low,low,7,unstoppable,,,30/09/2026 07:01
303c3bee-141f-45bb-8c4c-2315d7eb2419,tasking.directory,available,8.5,,high,low,7,unstoppable,,,01/10/2026 23:59
9741cc03-32fa-4be8-92ec-f7d0ac5d2154,juiceless.directory,available,4.98,36.98,medium,low,9,namecheap,,,22/08/2026 14:18
04ef61d4-c156-43ae-b616-25f9c9a86475,fdr.directory,available,4.34,21.94,high,low,3,spaceship,,,29/09/2026 18:52
df6854da-4bc0-4531-81d7-b60a7e33a81e,parotid.directory,available,4.98,36.98,medium,low,7,namecheap,,,08/09/2026 01:50
fa952c42-a30f-403b-9805-ef5dd42e82a9,producing.directory,available,4.34,21.94,medium,low,9,spaceship,,,03/10/2026 01:20
58900989-022f-4023-9022-e8eb691d3b93,munoz.directory,available,8.5,,medium,low,5,unstoppable,,,02/10/2026 20:25
d8ec43a6-15e7-4da5-b2f7-c3f4667804a6,acerbity.directory,available,7.99,33.99,medium,low,8,name.com,,,16/09/2026 23:41
fdd7bbd1-64d9-41ce-998b-57f35b82afb9,tricuspid.directory,available,4.98,36.98,medium,low,9,namecheap,,,11/09/2026 19:29
3b168896-147d-4f4e-a203-3e4ea69dc8cf,broad.directory,available,8.99,26.99,high,low,5,namesilo,,,19/09/2026 06:03
d77dadf8-7835-45df-a6ea-51264cf66280,hurling.directory,premium,20.9,20.9,medium,low,7,spaceship,,,01/10/2026 20:01
6821c61a-bff2-4b0e-9721-2da645f1346f,agitprop.directory,available,4.98,36.98,medium,low,8,namecheap,,,17/09/2026 18:14
69c35ec6-b0fc-4e3e-b27e-09b90ad162b1,autonomic.directory,available,4.98,36.98,high,low,9,namecheap,,,07/08/2026 20:52
8b78f465-7f1f-4a45-bf71-7e214169fe16,codified.directory,available,4.98,36.98,high,low,8,namecheap,,,12/08/2026 15:19
f6970272-1791-42b8-9d25-27987f0ebb2e,revelations.directory,available,8.99,26.99,medium,low,11,namesilo,,,30/09/2026 15:02
4a852634-8fcf-4018-a88d-67b8791552a5,cologne.directory,premium,23.6,23.6,high,low,7,namesilo,,,24/09/2026 16:20
452b01ce-1d1a-4033-b7a4-c5370fd8568e,clipped.directory,available,4.98,36.98,high,low,7,namecheap,,,12/08/2026 11:16
f3f851e4-5714-4fdd-ae0c-2cf244b4d914,publicist.directory,available,4.34,21.94,high,low,9,spaceship,,,30/09/2026 10:55
eab8ea78-3291-40a0-ab20-beff682e51ac,leafed.directory,available,4.98,36.98,medium,low,6,namecheap,,,22/08/2026 21:52
1fb6e852-52b8-4240-9fbf-ca8e4e481192,inaccessible.directory,available,8.99,26.99,medium,low,12,namesilo,,,01/10/2026 22:45
dff9db53-4e9d-49b4-9337-5938a83b1813,cumulative.directory,available,4.98,36.98,high,low,10,namecheap,,,
1b87600f-ebc9-4c71-8ffb-74ed9bfe6627,vidal.directory,available,8.5,,medium,low,5,unstoppable,,,28/09/2026 14:04
2e47dda9-9acc-47ca-9e04-5834d24946ba,papery.directory,available,4.98,36.98,medium,low,6,namecheap,,,12/08/2026 02:43
1c26afbd-0261-4fbf-934a-78a8b2b53512,huddled.directory,available,4.98,36.98,medium,low,7,namecheap,,,21/08/2026 14:34
a5834e7f-8591-47ad-8ffc-f9337a624302,demand.directory,available,8.99,26.99,high,low,6,namesilo,,,24/09/2026 15:48
b0cd3c71-3f4a-41de-8203-7679d7c91b4e,plant.directory,resell,,,high,low,5,Dynadot Inc,29/05/2026 01:49,29/05/2027 01:49,02/10/2026 07:49
e8abdc12-7c37-49e0-a039-710d8dba6f90,fleas.directory,available,8.5,,low,low,5,unstoppable,,,02/10/2026 13:48
b0e0362e-0289-4a46-bbc9-24aeb3a75ae1,waterless.directory,available,4.98,36.98,medium,low,9,namecheap,,,06/08/2026 19:03
4e0157cf-f5fb-41c6-a2ac-291734fceea2,father.directory,available,8.99,26.99,high,low,6,namesilo,,,29/09/2026 02:01
1871cf67-2d69-44ad-aaf9-94466ea2ef9f,magdalene.directory,available,8.99,26.99,high,low,9,namesilo,,,03/10/2026 03:23
b9591e5f-c23a-45dc-948c-5b5bf67e7378,boomer.directory,resell,,,high,low,6,"GoDaddy.com, LLC",10/12/2019 01:52,10/12/2026 01:52,26/09/2026 04:32
7f832016-2827-453a-acc7-1d52d6dcc275,digging.directory,available,8.99,26.99,high,low,7,namesilo,,,27/09/2026 13:02
aedac329-59d3-4fd5-a9f0-8c752b575bac,whisper.directory,available,4.98,36.98,high,low,7,namecheap,,,13/09/2026 11:38
2962c936-890a-4f7d-bdcd-cd59e405788d,pendent.directory,available,4.98,36.98,medium,low,7,namecheap,,,08/09/2026 14:07
1ac3d71c-afe8-45bc-8fcf-7f7327e1b977,reopen.directory,available,8.99,26.99,high,low,6,namesilo,,,30/09/2026 03:14
f08e98cf-58f3-468d-a9d1-bf42e4d2c746,aerofoil.directory,available,4.98,36.98,medium,low,8,namecheap,,,17/09/2026 13:00
06a1a97e-63b9-4dd8-aec0-8f935886d091,aliquot.directory,available,4.98,36.98,medium,low,7,namecheap,,,
8329875c-2feb-40b4-b7ad-609954addfd5,hindenburg.directory,available,8.5,,medium,low,10,unstoppable,,,29/09/2026 19:09
3579dd19-9149-45c5-a372-fb71313e7b37,asynergy.directory,available,4.98,36.98,medium,low,8,namecheap,,,20/09/2026 18:52
de7c1083-fa08-4ab3-ab3d-f27d8699e9af,endovenous.directory,available,4.98,36.98,medium,low,10,namecheap,,,17/08/2026 01:21
f775d623-7a99-4744-8452-768ed681f0a2,vigilantly.directory,available,8.99,26.99,medium,low,10,namesilo,,,16/09/2026 10:54
f3557099-97a1-4631-a5f1-81316664b952,vilna.directory,available,4.34,21.94,medium,low,5,spaceship,,,01/10/2026 18:52
08c887c0-9eb7-446d-a8fc-b2346026645d,discussing.directory,available,8.99,26.99,medium,low,10,namesilo,,,27/09/2026 11:01
3a5ad8d5-eb5b-443c-8701-4bd77b584bb1,pepperidge.directory,available,8.99,26.99,medium,low,10,namesilo,,,24/09/2026 00:49
a2312670-151c-4e0c-a138-f893494c8753,plattensee.directory,available,4.98,36.98,medium,low,10,namecheap,,,21/09/2026 21:22
a55d1537-4bc0-4b17-ae67-d7717968db95,distracting.directory,available,8.99,26.99,low,low,11,namesilo,,,01/10/2026 16:15
3eb2490e-c016-4e11-bd4c-ffc35ff66d96,mash.directory,available,4.98,36.98,high,low,4,namecheap,,,29/09/2026 11:35
e854c781-82b3-48da-81b5-1466b4ffab03,bna.directory,available,4.34,21.94,medium,low,3,spaceship,,,01/10/2026 07:03
da754b36-0155-4b3d-8908-455b859889d9,supervisory.directory,available,8.99,26.99,medium,low,11,namesilo,,,02/10/2026 07:35
48597957-a213-4479-87c1-0896599262b3,ixl.directory,available,4.98,36.98,medium,low,3,namecheap,,,
3a903a64-93e1-47e4-b5f8-2d72d92864b8,sybil.directory,available,4.34,21.94,high,low,5,spaceship,,,29/09/2026 14:56
0fd74a1a-0201-46b1-b63e-26bea674c7b2,influx.directory,available,21.2,21.2,high,low,6,cloudflare,,,03/10/2026 01:16
6e2c3377-cf43-4e18-8389-e40e9bd669ea,jonesboro.directory,available,8.99,26.99,medium,low,9,namesilo,,,01/10/2026 02:47
026e4b6f-65f6-4ef9-b256-cb72f39a1896,learner.directory,available,8.99,26.99,high,low,7,namesilo,,,19/09/2026 22:19
34d02ccf-3868-4ef9-bfe8-febd07953438,kantian.directory,available,4.98,36.98,medium,low,7,namecheap,,,22/08/2026 15:06
06a70938-f546-4199-9d37-bfd81e70bcc4,equality.directory,available,8.5,,high,low,8,unstoppable,,,28/09/2026 19:07
40f76929-037b-44c5-977b-7753b4ab9a43,slowness.directory,available,8.5,,medium,low,8,unstoppable,,,28/09/2026 23:49
a9205601-5855-4b9e-b7d3-6cf121dff91f,rising.directory,available,4.98,36.98,high,low,6,namecheap,,,
41826494-596f-4630-806d-235cbfbc6a09,cvp.directory,available,8.99,26.99,high,low,3,namesilo,,,01/10/2026 23:07
93f85718-0d63-4351-acca-037e50b91c60,alphabetical.directory,available,21.2,21.2,high,low,12,cloudflare,,,30/09/2026 14:07
856506b0-427d-4c05-8e7e-d7e2d3401f70,mclain.directory,available,21.2,21.2,medium,low,6,cloudflare,,,02/10/2026 20:58
112bdd42-4c2b-46b7-bbce-1bf213ce08b8,decrepit.directory,available,4.98,36.98,medium,low,8,namecheap,,,13/08/2026 05:40
db814d18-114a-466c-8aa5-eb63688e7d64,stunner.directory,available,4.98,36.98,high,low,7,namecheap,,,22/08/2026 16:40
df2b7e18-7907-42d7-a50c-24b76ff5788b,pennyroyal.directory,available,4.98,36.98,medium,low,10,namecheap,,,18/09/2026 20:31
5710ad00-34bf-4359-af92-20fdb8e525ba,virago.directory,available,8.99,26.99,medium,low,6,namesilo,,,18/09/2026 16:19
cc958532-8af5-4650-9928-a2cb1400bb29,achieve.directory,available,4.34,21.94,high,low,7,spaceship,,,28/09/2026 03:16
8406f3d0-ec08-455a-81a0-ae7fc43b996c,buyers.directory,resell,,,medium,low,6,,,,29/09/2026 05:47
95468b01-0c97-40f8-aac0-58c35e1224ef,chevrolet.directory,available,8.99,26.99,high,low,9,namesilo,,,01/10/2026 23:54
d20973c5-e92d-46ee-9ced-e8a4859e3f61,glory.directory,available,4.98,36.98,high,low,5,namecheap,,,29/09/2026 20:52
391bde80-5901-4cae-acd9-993897a8e222,bakshish.directory,available,4.98,36.98,medium,low,8,namecheap,,,21/09/2026 15:53
21154c91-fb12-467e-a40d-a466c4f0df68,goldschmidt.directory,available,21.2,21.2,medium,low,11,cloudflare,,,01/10/2026 11:39
663627e5-80c4-4825-99e2-0f6108d7e971,comedian.directory,premium,23.6,23.6,high,low,8,namesilo,,,23/09/2026 15:26
481f02bd-6341-442d-8ea3-762f8bd68e28,gibbous.directory,available,4.98,36.98,medium,low,7,namecheap,,,13/08/2026 07:44
03812db3-4f85-47fe-b4bd-e3c6b8bf7925,pliny.directory,available,7.99,47.99,medium,low,5,godaddy,,,28/09/2026 01:57
1597b132-0e2b-454d-ac0d-542833beafa5,inquirer.directory,available,8.99,26.99,medium,low,8,namesilo,,,20/09/2026 14:22
a851b79b-aa58-4797-9f55-787906a56046,serving.directory,available,8.99,26.99,high,low,7,namesilo,,,25/09/2026 23:06
ea34a144-266f-41c7-be0c-d78ac07f7107,frontier.directory,available,4.34,21.94,high,medium,8,spaceship,,,28/09/2026 09:50
b6b704ad-f6be-421d-8f7e-e2962c1cdfcc,yob.directory,available,4.98,36.98,medium,low,3,namecheap,,,11/08/2026 08:46
d11cc641-f487-44a1-a61d-30176c113aa9,impatience.directory,available,8.5,,medium,low,10,unstoppable,,,02/10/2026 15:48
d44822b5-6be8-46c0-86f0-36c85e5a2dfa,swop.directory,available,7.99,33.99,high,low,4,name.com,,,22/09/2026 08:57
5dfaf856-56db-436e-8e5d-48c7269fe172,pulpit.directory,available,8.99,26.99,high,low,6,namesilo,,,18/09/2026 17:14
519734fe-7812-48e7-9284-5d28b8a49894,scalar.directory,available,4.98,36.98,high,low,6,namecheap,,,09/09/2026 22:16
79e89d2e-a63b-4445-a6ed-e095b531adee,background.directory,available,21.2,21.2,high,low,10,cloudflare,,,29/09/2026 00:20
8fde6b75-00af-40be-a776-350a2350eb71,extending.directory,available,8.99,26.99,medium,low,9,namesilo,,,29/09/2026 10:43
a9b42311-7b40-4ad3-b5ad-408a37d5ec2f,applet.directory,available,4.98,36.98,high,low,6,namecheap,,,19/09/2026 21:38
82cb790f-b19e-4961-8939-4f5b1e509660,adriatic.directory,available,8.99,26.99,high,low,8,namesilo,,,17/09/2026 10:03
c4e10692-e42f-43c5-ad87-97902b18ede4,enceinte.directory,available,4.98,36.98,medium,low,8,namecheap,,,16/08/2026 22:09
77beaf0e-9510-4c41-a57b-9b5abc894fff,strategically.directory,available,4.5,22.69,medium,low,13,dynadot,,,01/10/2026 06:13
e761f311-3300-4486-ae01-a06d56a2e580,eda.directory,available,4.5,22.69,high,low,3,dynadot,,,30/09/2026 05:14
efd32616-ca67-4be5-a4f8-bbaa534f5ad8,tricked.directory,available,8.5,,medium,low,7,unstoppable,,,29/09/2026 23:35
892fe5ff-f6c8-4e04-89ab-9f215e5d5ada,addition.directory,available,4.34,21.94,high,low,8,spaceship,,,28/09/2026 18:22
aa82586d-cbe3-4e20-b0f9-0f0349a5a2d9,biogeny.directory,available,4.98,36.98,medium,low,7,namecheap,,,23/09/2026 18:05
1ffbeeb5-6821-41c1-9d7e-80c7b2c7694b,ounce.directory,available,4.34,21.94,high,low,5,spaceship,,,28/09/2026 21:44
1f443a3a-4e7c-4a0a-9033-50451aa7e796,retrovir.directory,available,8.99,26.99,medium,low,8,namesilo,,,21/09/2026 11:31
f9f974a5-3183-4390-a07e-508c9107e9b1,diluted.directory,available,4.98,36.98,medium,low,7,namecheap,,,14/08/2026 07:45
a48779e3-502a-4872-88b3-272e18e2f714,frau.directory,available,21.2,21.2,high,low,4,cloudflare,,,02/10/2026 15:14
5f578234-69cc-4647-900a-58ed50afded2,flagship.directory,available,21.2,21.2,high,low,8,cloudflare,,,30/09/2026 17:19
7ee9a544-e1b3-4460-8e4a-e410974cb285,helped.directory,available,4.98,36.98,medium,low,6,namecheap,,,25/09/2026 18:33
eee6b342-1a26-44c2-bdea-fb2486ce5362,blate.directory,available,4.98,36.98,medium,low,5,namecheap,,,10/08/2026 13:35
2934a06b-755c-4507-a768-c43a6b577cdc,scientifically.directory,available,21.2,21.2,medium,low,14,cloudflare,,,02/10/2026 10:49
082c6192-767f-4c6f-b3d8-d6caa3f3f40f,recycle.directory,available,4.34,21.94,high,low,7,spaceship,,,01/10/2026 04:25
41543daa-0c4d-48ba-81b3-0988d8bfd92a,landmark.directory,available,4.34,21.94,high,low,8,spaceship,,,29/09/2026 13:16
248cadaf-267c-4415-856d-42ba5010d7f9,pamela.directory,available,8.5,,high,low,6,unstoppable,,,02/10/2026 09:56
2dabc504-0451-4dd7-8b4f-98f40ed62c8b,cajole.directory,available,8.99,26.99,medium,low,6,namesilo,,,24/09/2026 04:10
d17af50f-954e-422e-a571-bafd344cf131,diplomatic.directory,available,8.99,26.99,high,low,10,namesilo,,,24/09/2026 10:36
403a5d48-348e-41a9-824c-c835cd0e1f6f,xinjiang.directory,available,8.5,,medium,low,8,unstoppable,,,28/09/2026 20:28
d481b460-4f7d-4fff-9305-161b5688c40b,legislature.directory,available,8.99,26.99,high,low,11,namesilo,,,01/10/2026 05:03
dc9988a4-aca8-4660-8c9f-f75bd7001058,azeri.directory,available,8.99,26.99,high,low,5,namesilo,,,21/09/2026 11:12
68d34d5a-315e-43ce-bedb-e60bda3ae549,biology.directory,available,8.5,21.94,high,low,7,unstoppable,,,01/10/2026 16:53
613bc881-4130-4425-9ad2-5426078e7e28,captain.directory,available,4.63,22.14,high,low,7,porkbun,,,29/09/2026 07:28
f757722b-e08f-4ad6-8aee-e3582312ee65,gilligan.directory,available,4.63,22.14,medium,low,8,porkbun,,,30/09/2026 21:55
b05654aa-0dfb-48f4-8c01-e9b12e4d6e70,klaus.directory,available,8.99,26.99,medium,low,5,namesilo,,,27/09/2026 01:38
9f6c2d87-455a-474e-9133-b3c77b1f9e16,emigrant.directory,available,8.5,,high,low,8,unstoppable,,,03/10/2026 00:39
7a469f3f-7cdd-4d72-8eb0-84dacddc3511,erisa.directory,available,8.5,,medium,low,5,unstoppable,,,02/10/2026 19:27
0d471606-ff51-4377-b5a1-4464a3de8b7a,television.directory,premium,23.6,23.6,high,low,10,namesilo,,,01/10/2026 08:09
7cefc87d-910b-467e-a950-fca79f04e11f,premier.directory,resell,7.99,,high,low,7,"Spaceship, Inc.",20/04/2026 05:38,20/04/2027 05:38,27/09/2026 04:55
336f3cb7-55d1-47f3-b6c7-08eff90e46a2,nourished.directory,available,4.98,36.98,high,low,9,namecheap,,,03/09/2026 22:12
02108593-3db4-48ac-a0c2-05399beb2309,harmonization.directory,available,4.5,22.69,high,low,13,dynadot,,,02/10/2026 21:49
5b61958e-89fa-4d58-ab8f-2deabffea60a,proverbial.directory,available,4.98,36.98,high,low,10,namecheap,,,09/09/2026 04:32
896a580b-f30f-4f9c-a820-671550d21258,ears.directory,available,8.99,26.99,medium,low,4,namesilo,,,25/09/2026 16:57
47197b4b-fc19-4d08-8920-67b7245eb35b,eldritch.directory,available,4.98,36.98,medium,low,8,namecheap,,,16/08/2026 02:21
66ce59a0-817c-4ffe-b3c1-d8816cc2235e,grievous.directory,available,4.98,36.98,medium,low,8,namecheap,,,07/08/2026 14:41
ae15bfe5-ab20-44e4-b88d-b58ffea4179d,frederic.directory,available,8.99,26.99,high,low,8,namesilo,,,25/09/2026 15:15
e9554ba9-c418-4120-9654-fd0c1e0a3cf4,pleasant.directory,available,8.99,26.99,high,low,8,namesilo,,,27/09/2026 04:06
0f18e29b-44ca-44be-9b2b-132a22b1775a,ego.directory,premium,23.6,23.6,high,low,3,namesilo,,,27/09/2026 19:53
a8ae7f71-cfe3-4616-91a6-abd2f23c6dd2,ghetto.directory,available,4.5,22.69,high,low,6,dynadot,,,27/09/2026 13:47
51f2c050-3d36-4f38-a7a4-7c8edfb8568f,assembling.directory,available,8.99,26.99,high,low,10,namesilo,,,20/09/2026 16:08
b864448f-86ed-4998-83ae-4e01b2dd45b8,lime.directory,available,8.99,26.99,high,low,4,namesilo,,,23/09/2026 20:42
373142b7-d580-4b2d-a49a-e1eff3b192d4,watershed.directory,available,4.34,21.94,high,low,9,spaceship,,,02/10/2026 23:53
6fa12920-b568-4ba9-95bb-91b9f47e8a8b,rile.directory,available,4.34,21.94,medium,low,4,spaceship,,,29/09/2026 14:40
73b59c03-125e-46d3-af98-fafc07be9009,beings.directory,available,8.99,26.99,medium,low,6,namesilo,,,27/09/2026 02:57
4fc334d1-ec12-4687-9023-aa50b93df9fb,seamless.directory,available,4.98,36.98,high,low,8,namecheap,,,10/09/2026 00:47
17fead9f-03d7-452c-991c-c50e0efb7357,alternative.directory,resell,,,high,low,11,Porkbun LLC,11/06/2024 18:37,11/06/2027 18:37,26/09/2026 03:49
eace2e41-e638-4662-8a5a-c314cd10bcb4,alvin.directory,available,4.98,36.98,high,low,5,namecheap,,,25/09/2026 13:49
2acaa209-8b5a-4a0e-ae66-e3f938231854,archer.directory,available,8.99,26.99,high,low,6,namesilo,,,20/09/2026 01:54
911d85b2-5813-4598-ab20-ecf9b89061c4,neuroscience.directory,available,4.63,22.14,high,low,12,porkbun,,,30/09/2026 20:58
7fa1ff7e-4dff-41d7-b2b2-00119d88635d,rayburn.directory,available,8.5,,high,low,7,unstoppable,,,30/09/2026 20:29
eed35e24-12eb-42b0-aea3-de2758353cc2,republicans.directory,premium,20.9,20.9,medium,low,11,spaceship,,,30/09/2026 06:30
5430317a-706b-4c5d-b664-1d26891bbfb4,stripes.directory,available,8.99,26.99,high,low,7,namesilo,,,24/09/2026 14:23
849c4127-162b-4776-bbb7-3003fd5260ae,arsenide.directory,available,4.98,36.98,medium,low,8,namecheap,,,20/09/2026 09:41
a1593f75-4e52-43ae-ac23-9575f329c2ea,cyclic.directory,available,7.99,33.99,high,low,6,name.com,,,13/08/2026 13:31
d31d09c6-3df4-40ec-b8f1-728cb6bfda20,noachian.directory,available,4.98,36.98,medium,low,8,namecheap,,,03/09/2026 17:58
e27a6e11-5b29-4bb4-86ac-fc3e7bf10b9f,parkes.directory,available,8.99,26.99,medium,low,6,namesilo,,,29/09/2026 22:23
0f96b64b-0d6d-4665-b46b-07be8d36e0af,diploma.directory,available,8.99,26.99,high,low,7,namesilo,,,29/09/2026 15:03
5b797fcb-687a-4a85-9a55-04f7aa0561af,dialectic.directory,available,4.98,36.98,high,low,9,namecheap,,,14/08/2026 05:50
0ac2eec1-f413-492e-b166-d87fb7ac77dc,swaggie.directory,available,4.98,36.98,medium,low,7,namecheap,,,11/09/2026 05:03
58d3875f-695c-43f4-9cd0-c5ed4f5d2b88,din.directory,premium,23.6,23.6,medium,low,3,namesilo,,,10/08/2026 13:17
f808a560-4897-4356-a432-86d112b99a9e,peddling.directory,available,4.63,22.14,medium,low,8,porkbun,,,30/09/2026 02:33
b784494c-da65-439b-8b80-c9a549f60eed,shane.directory,available,8.99,26.99,high,low,5,namesilo,,,26/09/2026 03:35
1f44897d-1874-4fc6-997d-01f190e4add8,assurances.directory,available,4.34,21.94,medium,low,10,spaceship,,,02/10/2026 22:12
3d99410f-3fac-4c2f-b240-36576a23b249,summertime.directory,available,21.2,21.2,high,low,11,cloudflare,,,02/10/2026 16:53
305ffafa-1ffd-4d17-be1b-0af450118863,murcia.directory,available,4.34,21.94,medium,low,6,spaceship,,,30/09/2026 21:06
8ca427e4-b27d-4524-a152-13e01de32c75,mobilize.directory,available,8.99,26.99,high,low,8,namesilo,,,01/10/2026 04:12
3837ac64-5c51-4dcf-9f3c-c87a570baff7,formidable.directory,available,4.98,36.98,high,low,10,namecheap,,,18/08/2026 12:12
5b192ab1-5824-415d-a507-2f7c6d142eaf,alternate.directory,available,8.99,26.99,high,low,9,namesilo,,,22/09/2026 02:29
3dbff182-830a-4e75-ab11-692fec18cbde,robotics.directory,resell,,,high,low,8,Hosting Concepts B.V. d/b/a Registrar.eu,28/05/2018 10:39,28/05/2027 10:39,02/10/2026 12:42
63f463be-2f58-47a1-a29d-9f3adcbcc42d,dozy.directory,available,4.98,36.98,medium,low,4,namecheap,,,14/08/2026 18:06
b67dad29-5a48-4332-8daa-655eba8d9201,dressed.directory,available,8.99,26.99,high,low,7,namesilo,,,22/09/2026 07:16
17562071-c9b1-47ca-8572-94832e918913,crispy.directory,available,4.98,36.98,high,low,6,namecheap,,,13/08/2026 07:23
f0931ae8-339c-4af7-9036-8d2fec3b08c1,minimize.directory,available,4.5,22.69,high,low,8,dynadot,,,29/09/2026 20:40
ab81d657-9910-40af-bafb-a3775c11ddb6,consult.directory,available,8.99,26.99,high,low,7,namesilo,,,30/09/2026 17:45
02f84b60-82cd-444d-a69c-089193d5f60c,axolotl.directory,available,8.99,26.99,high,low,7,namesilo,,,18/09/2026 17:37
80f5867d-4b47-449c-9183-78489d0fffee,sidon.directory,available,4.34,21.94,medium,low,5,spaceship,,,30/09/2026 18:35
396aba8f-543c-42a5-a988-a51c84294504,spoil.directory,available,4.98,36.98,high,low,5,namecheap,,,09/09/2026 08:16
ed35bff7-8de5-463b-a58f-23e54a9cd55f,unemployment.directory,available,4.34,21.94,high,low,12,spaceship,,,02/10/2026 14:45
f3b7e565-fd76-4e66-aceb-a93ee79124b0,ardently.directory,available,4.98,36.98,medium,low,8,namecheap,,,13/09/2026 20:41
c6311cc4-1f75-4396-bbcb-9df279bc88de,converter.directory,available,4.98,36.98,high,low,9,namecheap,,,03/10/2026 00:11
8fceaefb-34df-4885-8a60-c5e7ef13514b,unsocial.directory,available,4.98,36.98,medium,low,8,namecheap,,,12/09/2026 20:11
8da486d5-bc4e-4b70-a8bf-05d9c6874457,voltage.directory,available,8.99,26.99,high,low,7,namesilo,,,29/09/2026 00:46
6f292356-2e12-46e3-9a0e-08753ac6da28,marvellous.directory,available,8.99,26.99,high,low,10,namesilo,,,25/09/2026 00:14
d882c67c-5609-4d85-b9d3-ced9e7e154ec,gird.directory,available,4.98,36.98,medium,low,4,namecheap,,,20/09/2026 06:19
57c7d5a5-653a-4f55-ae23-fb997961f93e,dogsledding.directory,available,4.98,36.98,medium,low,11,namecheap,,,20/09/2026 01:02
0efb9bd9-9c56-43a3-a143-8f19849ffa58,pout.directory,available,4.98,36.98,medium,low,4,namecheap,,,18/09/2026 18:12
21692e05-83e7-4abd-8fa1-29bbbe5a0f82,terminals.directory,available,4.98,36.98,medium,low,10,namecheap,,,02/10/2026 03:04
b67ce9cc-d3f5-490b-914d-7ee14a68d1dd,implications.directory,available,4.34,21.94,medium,low,12,spaceship,,,29/09/2026 17:18
d7cfeaaf-5107-4822-b597-74e44ee1b415,weaken.directory,available,4.5,22.69,medium,low,6,dynadot,,,29/09/2026 18:30
a3aad0ad-229b-4ab4-b24f-56014915c388,tornados.directory,available,8.99,26.99,medium,low,8,namesilo,,,16/09/2026 14:12
91a822fb-730e-40ae-a813-84dd4cc981ef,microwave.directory,available,8.99,26.99,high,low,9,namesilo,,,30/09/2026 04:20
ae5984cd-0277-4cd7-b88c-7eae84cdcb7d,baseness.directory,available,8.99,26.99,medium,low,8,namesilo,,,22/09/2026 10:25
513ab359-67c0-4b92-814d-f22633308c15,clapping.directory,available,4.98,36.98,high,low,8,namecheap,,,19/09/2026 20:57
8ee3bd53-50b7-4f7d-898a-9665332e0ccf,slant.directory,available,4.98,36.98,high,low,5,namecheap,,,22/08/2026 22:07
8bd3feaf-00d2-47f3-b725-e98be65167f9,vacant.directory,available,4.98,36.98,medium,low,6,namecheap,,,13/09/2026 00:38
ceabc255-69c0-4473-8274-f62b556a49a5,danbury.directory,available,4.63,22.14,medium,low,7,porkbun,,,29/09/2026 10:05
28057caa-908c-465d-84b6-5f59728ee8e5,analyzable.directory,available,4.98,36.98,medium,low,10,namecheap,,,
1423763c-f2f9-4170-b7ca-2da4ef5bcd01,thickener.directory,available,4.98,36.98,medium,low,9,namecheap,,,11/09/2026 13:14
67d88502-87ad-415d-aa1a-d9ef2f4ac198,credendum.directory,available,8.99,26.99,medium,low,9,namesilo,,,20/09/2026 11:13
39618789-beed-49b7-be55-778940d373f4,galilean.directory,available,4.98,36.98,medium,low,8,namecheap,,,18/08/2026 19:37
cf230002-e473-4da5-9544-2e5fd2300f4f,minty.directory,available,4.98,36.98,high,low,5,namecheap,,,25/08/2026 00:53
1bf8c7df-4792-4fe1-a371-25abf575fb7e,washes.directory,available,8.99,26.99,medium,low,6,namesilo,,,20/09/2026 04:54
c1697341-6f00-4717-bd22-8244e56c1c83,tousled.directory,available,4.98,36.98,medium,low,7,namecheap,,,14/08/2026 11:02
f5206659-f759-4907-b52c-84f5810efc5d,jeweled.directory,available,4.98,36.98,high,low,7,namecheap,,,18/08/2026 21:10
e5c95a91-8bd4-47b1-8e53-902e89147971,speck.directory,available,8.99,26.99,medium,low,5,namesilo,,,02/10/2026 14:45
bff1ba5a-ca03-486a-a657-ca2e29b6baa1,affidavit.directory,available,21.2,21.2,medium,low,9,cloudflare,,,28/09/2026 19:16
9cc9b060-c14d-4fe1-9da3-4ffc5a442439,mersey.directory,available,4.34,21.94,medium,low,6,spaceship,,,30/09/2026 13:10
0d032f94-2a51-4c06-a32b-0ae859ba8fdf,bit.directory,premium,20.9,20.9,high,medium,3,spaceship,,,29/09/2026 02:55
9ce94644-20c6-4270-828c-657220f448b4,sources.directory,available,8.99,26.99,medium,low,7,namesilo,,,17/09/2026 22:23
c86d16d0-eb39-4387-ab7f-ac46fee1bafe,balancer.directory,available,4.98,36.98,medium,low,8,namecheap,,,21/09/2026 20:52
43e1541d-a880-4342-b903-25ece0502a07,claire.directory,available,4.34,21.94,high,low,6,spaceship,,,01/10/2026 01:01
6df743b3-77b1-468c-81f6-c93fb6857711,flightless.directory,available,4.98,36.98,medium,low,10,namecheap,,,18/08/2026 08:09
474967ab-2b6d-4f7e-b01b-3fbcbf1a5fe4,whipping.directory,available,4.98,36.98,medium,low,8,namecheap,,,22/08/2026 20:12
6a2aad73-6a4c-4144-a0b3-3118bc56d4b6,tumbling.directory,available,8.99,26.99,high,low,8,namesilo,,,17/09/2026 03:22
71d1576a-e5a1-4d1b-868c-ddb33f795d54,sucked.directory,available,8.99,26.99,medium,low,6,namesilo,,,18/09/2026 04:29
d480a06a-95eb-4266-8de5-36ccf45688e0,harris.directory,available,8.99,26.99,high,low,6,namesilo,,,23/09/2026 08:19
ad0aa88c-ee30-487c-aeae-a45089449074,skateboarding.directory,premium,28,28,medium,low,13,namecheap,,,
4d8a759b-6d3e-430c-a6b2-fb4cf28d8244,outgoing.directory,available,4.98,36.98,high,low,8,namecheap,,,18/08/2026 12:37
5f8698df-51f7-454c-8fbd-759a30785a30,leavened.directory,available,4.98,36.98,medium,low,8,namecheap,,,22/08/2026 22:13
be21a841-aad0-4d27-8281-2c913a7d4042,chromatic.directory,available,4.98,36.98,high,low,9,namecheap,,,12/08/2026 07:22
2efbff53-9251-4f1d-a4c8-2d732b427aaa,okhotsk.directory,available,8.5,,medium,low,7,unstoppable,,,03/10/2026 04:30
551f5f85-de12-4375-a323-c69136172e0c,bearwood.directory,available,4.98,36.98,medium,low,8,namecheap,,,22/09/2026 20:58
0e8e7b44-be63-447d-8a4d-723a23518e9a,flexing.directory,available,4.34,21.94,high,low,7,spaceship,,,01/10/2026 22:33
76041663-453f-40fc-8833-56136817d33e,noteworthy.directory,available,4.98,36.98,high,low,10,namecheap,,,03/09/2026 22:01
c5d00f4b-0595-499c-88cb-4591616d7bc4,examines.directory,available,21.2,21.2,medium,low,8,cloudflare,,,02/10/2026 22:14
4ad873c1-421a-492e-b808-8914cd43cede,heads.directory,available,8.99,26.99,high,low,5,namesilo,,,01/10/2026 03:58
f6e37f9e-0468-4430-997f-48d71490e5f1,acclaimed.directory,available,8.99,26.99,high,low,9,namesilo,,,02/10/2026 17:25
deccb232-77c2-49e0-9dfa-4b0ab27b039b,airing.directory,available,8.99,26.99,high,low,6,namesilo,,,17/09/2026 23:12
ffe83b1c-719e-4f78-9fec-f9bae69fc444,gentile.directory,available,4.98,36.98,high,low,7,namecheap,,,18/08/2026 21:53
32e3f99e-a12f-4880-be4c-cfd3fc762753,succulent.directory,available,4.98,36.98,high,low,9,namecheap,,,11/09/2026 00:58
58389eec-d14c-4fb1-bbc3-2eea13b1a148,artefact.directory,available,8.99,26.99,high,low,8,namesilo,,,20/09/2026 10:07
0e29d03d-a464-41b0-8ff4-96957928e242,counterfeits.directory,available,4.98,36.98,low,low,12,namecheap,,,19/09/2026 21:40
1f710ef4-335d-42d1-9a8f-8ba5ab31ec80,esr.directory,available,21.2,21.2,high,low,3,cloudflare,,,02/10/2026 04:42
3358837d-e181-479d-894b-1ac9548d0083,irani.directory,available,4.98,36.98,high,low,5,namecheap,,,22/08/2026 09:42
d6380980-72f4-4185-950d-eed28c82d0a6,milch.directory,available,4.98,36.98,medium,low,5,namecheap,,,24/08/2026 22:55
8ebb2941-d401-41d8-b0e5-bcc460957e5e,balzac.directory,available,4.98,36.98,medium,low,6,namecheap,,,22/09/2026 00:32
ef16ab24-0da9-4afd-9eb6-a2469f366d2a,transcendent.directory,available,4.34,21.94,high,low,12,spaceship,,,03/10/2026 02:37
5d1a77ca-31bf-4a61-ad27-1be9bbdb1e7a,lengthwise.directory,available,4.98,36.98,medium,low,10,namecheap,,,22/08/2026 23:38
9780cea1-47cd-40a4-adfe-bbd33a0b5f0d,ossiculate.directory,available,4.98,36.98,medium,low,10,namecheap,,,04/09/2026 18:24
13ecc0e5-e1d9-4f12-9dc3-ad559ce4db30,bicycling.directory,available,8.99,26.99,high,low,9,namesilo,,,23/09/2026 13:28
7c09e17f-0bde-4d37-b74b-e6649cdade7d,buy.directory,premium,512,512,high,medium,3,namesilo,,,01/10/2026 08:07
d3345f14-1b05-497a-b386-054dd8c8263c,sorrowful.directory,available,4.98,36.98,medium,low,9,namecheap,,,10/09/2026 14:37
2a76051d-c5aa-4cfd-9aa6-7f5f7dc11188,atropa.directory,available,8.99,26.99,medium,low,6,namesilo,,,21/09/2026 00:54
f7106be4-d831-4964-b6cb-dbd0318593a8,pokey.directory,available,4.98,36.98,medium,low,5,namecheap,,,14/08/2026 07:36
1007be49-0cdd-4cdb-94f3-f37fc452a2e2,asshole.directory,available,4.98,36.98,medium,low,7,namecheap,,,08/08/2026 23:24
3a4b0e31-9be0-4ecb-9447-41b2a91357a8,focussed.directory,available,4.98,36.98,high,low,8,namecheap,,,18/08/2026 09:47
db005e34-98f9-4e0b-a29a-ee4eea9b13eb,grazed.directory,available,4.98,36.98,medium,low,6,namecheap,,,20/08/2026 19:29
07b9ddb2-2f0a-4830-a0c4-5f6116550eeb,westport.directory,premium,,,medium,low,8,,,,28/09/2026 08:11
ee63e97d-3d77-40c8-ba60-220e101eff86,janis.directory,available,4.98,36.98,high,low,5,namecheap,,,29/09/2026 09:40
3657bc22-b23c-43e4-9868-0a935cca50f1,cables.directory,resell,,,medium,low,6,"GoDaddy.com, LLC",22/02/2014 15:15,22/02/2027 15:15,26/09/2026 04:42
40f0d66c-36e0-432d-b048-273908eaf34c,newest.directory,available,8.99,26.99,high,low,6,namesilo,,,18/09/2026 15:57
57f09359-62c2-46b4-b439-81e91fdd3cc0,muster.directory,available,4.34,21.94,high,low,6,spaceship,,,01/10/2026 01:33
48074523-2d04-479a-aad2-ed1be591d106,coffeepots.directory,available,8.99,26.99,medium,low,10,namesilo,,,21/09/2026 00:56
9e02f12e-0099-43b9-b001-f54383625c0c,angularity.directory,available,4.98,36.98,medium,low,10,namecheap,,,19/09/2026 07:43
e8c250a2-2d62-40b3-b853-081c974c8b91,undeniably.directory,available,8.99,26.99,medium,low,10,namesilo,,,16/09/2026 09:52
8b623a40-7b6e-4138-8d09-23000fb93cce,interviewer.directory,available,8.5,,high,low,11,unstoppable,,,30/09/2026 19:57
08f77ad9-df4e-4d76-a324-da7feaa582da,ashore.directory,available,4.98,36.98,medium,low,6,namecheap,,,13/09/2026 22:07
9e7684f8-7543-4481-b512-06738fe3ecc7,loudly.directory,available,4.98,36.98,medium,low,6,namecheap,,,18/08/2026 12:25
816e0ae7-0f3a-4c76-811a-62494fe6dd9c,greensboro.directory,resell,,,high,low,10,,,,27/09/2026 04:17
9ed7681b-0b18-46a6-b3cd-9ffe1b8b97c6,bitstock.directory,available,8.99,26.99,medium,low,8,namesilo,,,23/09/2026 22:47
218aecce-3308-40b8-8126-b935e45b24f4,arguably.directory,available,4.98,36.98,medium,low,8,namecheap,,,13/09/2026 20:45
f79b01c0-f9fb-460e-93b1-b7a1f9c5395c,salted.directory,available,4.98,36.98,high,low,6,namecheap,,,11/08/2026 04:21
7c8bb2fd-4631-4e43-bb29-eb59d0f927cb,cocker.directory,available,8.99,26.99,medium,low,6,namesilo,,,21/09/2026 13:01
009fda00-d466-40c8-80d6-4566b9464e8d,falco.directory,available,8.99,26.99,high,low,5,namesilo,,,01/10/2026 02:00
10265552-2966-45f3-8961-ec3617d1662d,understanding.directory,available,8.99,26.99,high,low,13,namesilo,,,25/09/2026 11:47
6d1f2970-3c30-4e0b-925b-00cd3e6b0e2a,dodson.directory,available,4.63,22.14,medium,low,6,porkbun,,,29/09/2026 22:21
03722f33-722c-42f6-af77-0994ea81957d,faddy.directory,available,4.98,36.98,medium,low,5,namecheap,,,17/08/2026 20:35
dc3ef906-5125-41b9-8d3e-ae369629f945,strabismus.directory,available,4.98,36.98,medium,low,10,namecheap,,,10/09/2026 17:49
5a2769a2-2b00-49ab-9411-0710469d663c,madly.directory,available,4.98,36.98,medium,low,5,namecheap,,,14/09/2026 09:19
71df2513-61e7-42fd-99d9-ee4987177a7f,dalmatia.directory,available,4.34,21.94,medium,low,8,spaceship,,,29/09/2026 12:00
20f66d64-00ec-4455-96ec-7846d37c789a,nobly.directory,available,4.98,36.98,medium,low,5,namecheap,,,15/09/2026 16:42
a1451b37-963e-406f-b26a-e3941de157e0,declare.directory,available,4.34,21.94,high,low,7,spaceship,,,27/09/2026 16:32
a2c022a0-d562-4d78-a76c-456b857b30cd,bandits.directory,available,8.99,26.99,medium,low,7,namesilo,,,21/09/2026 01:18
9c03deab-f6bf-48c7-977f-6d3ecee78f32,keller.directory,available,8.99,26.99,high,low,6,namesilo,,,25/09/2026 07:11
69fc028a-8623-4f77-ad7e-e21920a5b4b4,enraged.directory,available,4.98,36.98,medium,low,7,namecheap,,,
54da6cad-aabe-4ed9-8108-eb84dbe81dab,nimitz.directory,available,4.98,36.98,medium,low,6,namecheap,,,17/09/2026 08:52
263863df-0077-4b24-b515-9e96e137153c,predominantly.directory,available,21.2,21.2,medium,low,13,cloudflare,,,01/10/2026 05:46
213653fe-5d0c-48ba-9c0a-b83a6e27d031,hud.directory,available,4.34,21.94,high,low,3,spaceship,,,01/10/2026 19:14
c5e73394-9a07-4839-b2ac-3077b4428ed4,bmr.directory,available,8.99,26.99,high,low,3,namesilo,,,22/09/2026 09:49
f79a3acd-af01-40e7-a759-cbf5de3fc4b2,yea.directory,available,8.99,26.99,high,low,3,namesilo,,,16/09/2026 11:48
6f66673e-fbb3-4e26-acf5-7effbc0ae67e,shipments.directory,available,8.99,26.99,medium,low,9,namesilo,,,01/10/2026 00:42
ffc00372-53da-4c09-a3c1-b7a69bfcb8c9,xinhua.directory,available,4.5,22.69,medium,low,6,dynadot,,,30/09/2026 05:40
f1b6df57-23ee-4fba-847a-fbbde4aba0f7,bikes.directory,available,8.5,,low,low,5,unstoppable,,,29/09/2026 11:14
b7c43d52-01ac-4ab4-a3a4-c8ffd77be99a,alarms.directory,available,4.34,21.94,medium,low,6,spaceship,,,30/09/2026 07:16
5e69c450-a443-4bcb-be36-550b4b1f7c1b,southwell.directory,available,4.63,22.14,medium,low,9,porkbun,,,02/10/2026 10:29
c20407f8-c3ee-431e-8649-3188067d17e7,sweatshirt.directory,available,8.5,,high,low,10,unstoppable,,,30/09/2026 12:42
ddb6dc97-8a41-4874-8977-76651d8a3054,biface.directory,available,4.98,36.98,medium,low,6,namecheap,,,09/08/2026 19:55
62851c00-ab0b-41ea-898b-963b0c5a5cc2,blae.directory,available,4.98,36.98,medium,low,4,namecheap,,,10/08/2026 12:24
a6db69dd-51b6-4f9a-9076-d47479696439,trimming.directory,available,8.99,26.99,high,low,8,namesilo,,,02/10/2026 06:00
2782dc2c-f4a7-4a93-9c00-914c949d20ca,cuzco.directory,available,8.5,,medium,low,5,unstoppable,,,01/10/2026 19:08
de56cc84-3a8b-4bc0-b2c9-26fdfbbfaafb,agrimonia.directory,available,4.98,36.98,medium,low,9,namecheap,,,17/09/2026 19:28
c3bdb5a4-4cc0-468a-85de-418c7548350c,soundtrack.directory,available,8.99,26.99,high,low,10,namesilo,,,30/09/2026 18:47
5a857a7b-cc44-46e4-9029-72e740067ca7,potently.directory,available,4.98,36.98,medium,low,8,namecheap,,,15/09/2026 21:07
03c51d13-8f57-4be8-ac89-35f34838b84c,cordially.directory,available,4.98,36.98,medium,low,9,namecheap,,,14/09/2026 08:43
9b971778-1046-484e-b658-80d23572d996,conducting.directory,available,4.34,21.94,high,low,10,spaceship,,,29/09/2026 10:46
773dc9d9-8c0d-4c5b-acc0-9627f3e5479e,shortcomings.directory,available,4.34,21.94,low,low,12,spaceship,,,02/10/2026 02:52
def355e7-d82d-481b-a1ff-6578c83b48e2,backfire.directory,available,4.98,36.98,high,low,8,namecheap,,,21/09/2026 15:28
d2287523-fb18-4bb8-8830-8debe2beef02,batteries.directory,available,8.99,26.99,medium,low,9,namesilo,,,27/09/2026 23:45
626e1a2f-d256-4a00-9945-c5d19585029c,belonged.directory,available,8.99,26.99,medium,low,8,namesilo,,,27/09/2026 10:31
6a7c65e0-8793-41ad-8130-b14d1ff32411,doris.directory,available,8.99,26.99,high,low,5,namesilo,,,27/09/2026 03:46
e886f5ac-060b-453a-baf5-d406ff8134c3,tulsa.directory,resell,,,high,low,5,,,,29/09/2026 08:15
71ecbe54-d992-40b6-9688-3326e67ca609,sloshed.directory,available,4.98,36.98,low,low,7,namecheap,,,09/08/2026 15:48
61b63e99-fe79-4461-8003-b3d32b17f81f,likeness.directory,available,8.99,26.99,high,low,8,namesilo,,,18/09/2026 07:48
5f9ea5fe-2363-47ea-8ff5-69d1f238d806,discal.directory,available,8.5,,medium,low,6,unstoppable,,,30/09/2026 04:23
67ba5860-d816-442f-9be4-6934c807c9d6,toby.directory,available,8.99,26.99,high,low,4,namesilo,,,28/09/2026 03:08
ce13ac4b-f343-4dbc-bae4-febd625ea4f9,baluchi.directory,available,8.99,26.99,medium,low,7,namesilo,,,21/09/2026 23:42
05b270ce-d2d0-4af3-9f4e-503922ccae76,persepolis.directory,available,8.99,26.99,medium,low,10,namesilo,,,02/10/2026 06:04
9755f355-0d64-44fc-b592-92609060e0db,washed.directory,available,4.98,36.98,high,low,6,namecheap,,,13/09/2026 08:31
a89b9f96-a976-47ee-9782-e15b7d5d0c84,geography.directory,available,4.34,21.94,high,low,9,spaceship,,,28/09/2026 19:20
cdf3abaf-d893-4b7f-a27c-f55dea26d5fc,length.directory,available,4.34,21.94,high,low,6,spaceship,,,30/09/2026 02:48
c5a1a935-73c2-4ba5-8855-d960499b094e,hic.directory,available,8.99,26.99,high,low,3,namesilo,,,01/10/2026 01:07
ba4fc74a-e13d-4edf-9f4b-bae1c67365ce,abscess.directory,available,4.98,36.98,medium,low,7,namecheap,,,16/09/2026 17:31
04da18a7-b024-4f43-91aa-e4975dd1edb1,generators.directory,available,4.34,21.94,medium,low,10,spaceship,,,02/10/2026 15:40
809dde99-b7cb-4f8c-b5e2-4c85caf1acf0,numbing.directory,available,4.98,36.98,medium,low,7,namecheap,,,03/09/2026 22:49
bcaa7de6-b0fd-4e63-ad0c-d5704ec2944c,salvador.directory,premium,,,high,high,8,,,,29/09/2026 06:44
4c8be770-40a3-4717-907c-e2aec1e1aede,imbalanced.directory,available,4.98,36.98,medium,low,10,namecheap,,,21/08/2026 20:20
a07eb5fa-085a-44a7-b861-aed51f3ca3fd,carbonated.directory,available,4.98,36.98,medium,low,10,namecheap,,,11/08/2026 18:39
4104e198-1310-4400-840a-79789679712c,aguish.directory,available,4.98,36.98,medium,low,6,namecheap,,,
347b5341-d875-458b-b74f-20bbdf06bc51,enemy.directory,available,21.2,21.2,high,low,5,cloudflare,,,01/10/2026 03:12
900c9c89-c3fa-4037-ae75-069fdf8ee906,disclose.directory,resell,,,high,low,8,,,,29/09/2026 20:42
ffe4e88e-6b6f-46c9-a467-355a17699b17,rpm.directory,premium,26,26,high,low,3,namecheap,,,02/10/2026 06:15
4bad665e-2ca5-4a86-8694-e5836f9bed9d,highgate.directory,available,4.63,22.14,medium,low,8,porkbun,,,01/10/2026 07:03
c417a144-bdf3-4eee-99c2-3d94281bff65,follicular.directory,available,4.98,36.98,medium,low,10,namecheap,,,18/08/2026 10:20
19bef32e-b6b5-4102-b2d3-0460b586c6ba,elliott.directory,available,4.98,36.98,high,low,7,namecheap,,,25/09/2026 21:06
13dcf238-6ee6-4736-94db-607c67f6b18e,toast.directory,available,21.2,21.2,high,low,5,cloudflare,,,29/09/2026 21:04
7a526a6c-1b3e-41e2-bbc0-97ac6b9482ee,splurge.directory,available,8.99,26.99,high,low,7,namesilo,,,23/09/2026 17:20
6f1d65bb-f2b7-4ca6-b806-249e7aac968e,thea.directory,available,4.34,21.94,high,low,4,spaceship,,,30/09/2026 11:10
c823c0eb-335c-4bcd-942f-51d2d185845f,comforter.directory,available,8.99,26.99,medium,low,9,namesilo,,,18/09/2026 10:03
34e40589-7888-42b4-9e86-42e1d9ad4f97,elam.directory,available,8.5,,medium,low,4,unstoppable,,,30/09/2026 01:29
e7430a11-6b7e-419d-b220-28a8e860184d,adz.directory,available,8.99,26.99,medium,low,3,namesilo,,,17/09/2026 12:01
ac784c4b-d9ab-4891-b9f0-09c23d0d4a5d,carriage.directory,available,4.34,21.94,high,low,8,spaceship,,,29/09/2026 00:08
150f5df4-c50b-480e-9b36-4c2156a3cb96,laotian.directory,available,4.98,36.98,medium,low,7,namecheap,,,22/08/2026 19:36
29438c1f-d950-461c-84dc-a379ac7bf8f4,arian.directory,available,4.34,21.94,high,low,5,spaceship,,,01/10/2026 22:48
69c19250-b934-4902-b181-8805a4045050,cromer.directory,available,8.5,,medium,low,6,unstoppable,,,02/10/2026 20:37
cb08ec1f-7e96-45f9-87c6-8dbf263c8627,fearless.directory,available,8.99,26.99,high,low,8,namesilo,,,22/09/2026 12:19
6d196417-d764-40ba-ac3d-40c9354732c6,isabella.directory,available,4.63,22.14,high,low,8,porkbun,,,30/09/2026 02:02
2980f78c-79c1-405d-a15a-e9fa1dbfdd71,lillie.directory,available,8.99,26.99,high,low,6,namesilo,,,22/09/2026 21:47
43287302-323f-48c3-89bb-5d19eeff882b,mediatory.directory,available,4.98,36.98,medium,low,9,namecheap,,,24/08/2026 18:55
c874fde9-7c4c-45ed-b138-4a924ae77053,verify.directory,available,4.5,22.69,high,medium,6,dynadot,,,30/09/2026 12:41
af2b9d4a-d592-403e-a823-b1c442fd9007,mcginnis.directory,available,4.34,21.94,medium,low,8,spaceship,,,02/10/2026 10:47
bc93fc93-938f-4266-8219-402afe4f8598,legendary.directory,available,4.98,36.98,high,low,9,namecheap,,,17/08/2026 20:13
8875bef0-ffb9-49da-8cf2-84fd95c7477c,aachen.directory,available,8.99,26.99,medium,low,6,namesilo,,,16/09/2026 13:08
7870c7e5-fe58-4b36-a7f4-12ee11d43686,aitken.directory,available,4.98,36.98,medium,low,6,namecheap,,,29/09/2026 10:35
1fe02943-6c6b-4318-b721-992960cb19b7,barycenter.directory,available,4.98,36.98,medium,low,10,namecheap,,,22/09/2026 09:39
21d66766-7db7-4e8d-9657-342b34e7ffb8,commentator.directory,available,4.34,21.94,high,low,11,spaceship,,,29/09/2026 08:48
d3a9ea40-2dcb-4c04-abff-91b887833542,myth.directory,available,8.5,,high,low,4,unstoppable,,,28/09/2026 02:27
77c0eeae-f8c7-4dcd-a4d0-3e98ac9f229e,cushy.directory,available,4.98,36.98,high,low,5,namecheap,,,13/08/2026 11:58
a2860726-9e36-44a0-8149-fdc3b15c1314,lee.directory,premium,23.6,23.6,high,medium,3,namesilo,,,22/08/2026 22:18
e2bfe985-f46f-461b-886d-72a555b39c61,cancerous.directory,available,4.98,36.98,medium,low,9,namecheap,,,11/08/2026 16:33
9efa9d64-1bc1-4249-9c72-e78e7c7040d5,debut.directory,available,4.98,36.98,high,low,5,namecheap,,,24/09/2026 21:09
bc0cf859-eb17-4380-98f3-537620b3ffdb,analysis.directory,available,8.5,36.98,high,low,8,unstoppable,,,02/10/2026 08:20
c0b00945-1beb-48ca-b808-cb5d48436f36,hibbert.directory,available,8.5,,medium,low,7,unstoppable,,,03/10/2026 04:03
991a09da-af75-4063-9292-59ef0f3011e6,annealing.directory,available,4.98,36.98,high,low,9,namecheap,,,11/09/2026 10:58
3a6033c5-4fbb-4e64-be23-735c973d9c13,hypertension.directory,available,8.99,26.99,medium,low,12,namesilo,,,30/09/2026 06:11
45f2136f-e5e1-46a3-8c82-11a3f1c48d42,paschal.directory,available,4.98,36.98,medium,low,7,namecheap,,,08/09/2026 02:20
00711c73-fecf-44e8-96ba-d9de5ac8fa6a,ditches.directory,available,4.34,21.94,medium,low,7,spaceship,,,02/10/2026 03:20
81ee7592-cb6f-4929-9b99-d95b18a568ee,apologia.directory,available,4.98,36.98,medium,low,8,namecheap,,,19/09/2026 18:44
7d950b62-4eec-4abf-b7fd-bd2ad3b42bd2,digestive.directory,available,4.98,36.98,high,low,9,namecheap,,,24/08/2026 15:24
f4a3d83c-c00c-4c13-90f6-a2cc0eb9eb96,unprovable.directory,available,4.98,36.98,medium,low,10,namecheap,,,12/09/2026 17:29
328ba091-5d69-4680-a82c-33e7e11a9bd3,damien.directory,available,4.34,21.94,medium,low,6,spaceship,,,28/09/2026 21:57
aa2f9243-7b5f-436a-82e6-06829308a5a9,ravine.directory,available,8.5,,high,low,6,unstoppable,,,30/09/2026 18:25
22623dd4-5a27-46b5-ac4c-2e907bdc08b2,ron.directory,premium,23.6,23.6,high,low,3,namesilo,,,25/09/2026 00:25
16d07755-270f-4197-b0fa-f758d41a3c6f,retained.directory,available,4.34,21.94,high,low,8,spaceship,,,27/09/2026 13:05
6f903e14-bfb5-457e-818c-f6f79bd4a4e0,metacarpal.directory,available,4.98,36.98,medium,low,10,namecheap,,,24/08/2026 21:30
b5d1548c-9a40-4edb-9479-b21ac2eb213b,lumpish.directory,available,4.98,36.98,medium,low,7,namecheap,,,24/08/2026 11:12
d8f20a72-b273-4dd8-9faa-c8c9713c3374,insults.directory,available,8.5,,low,low,7,unstoppable,,,29/09/2026 11:09
1f57ba0d-e3a3-4e1a-8965-3e5c71608eb7,nonfiction.directory,available,4.63,22.14,high,low,11,porkbun,,,02/10/2026 11:45
cc5451b9-876a-42b7-9579-3d2b4a379fbd,caravaggio.directory,available,8.99,26.99,medium,low,10,namesilo,,,02/10/2026 04:16
744a49ff-0972-4b14-9ab2-6035db59471b,broadwise.directory,available,4.98,36.98,medium,low,9,namecheap,,,14/09/2026 01:26
868cc3dd-af89-4f58-af20-0248a5b48eef,destitute.directory,available,4.98,36.98,medium,low,9,namecheap,,,14/08/2026 04:32
968512ef-6bf0-4355-87e4-67924a878e62,xlvii.directory,available,4.98,36.98,medium,low,5,namecheap,,,
f03359be-f104-429c-a39d-e4135da8b4c6,alhakim.directory,available,8.99,26.99,medium,low,8,namesilo,,,18/09/2026 00:38
427c8dae-b9bf-417f-95ff-120ddb02f9c4,alves.directory,available,8.5,,medium,low,5,unstoppable,,,30/09/2026 12:39
d95ac3a2-0462-4a94-975b-11e322a85289,kestrel.directory,available,4.98,36.98,high,low,7,namecheap,,,18/09/2026 20:14
60f6af18-2ab7-4387-b78c-d587a524f977,tortious.directory,available,4.98,36.98,medium,low,8,namecheap,,,11/09/2026 17:59
9f624534-29fa-40b4-8bf9-7eb4f1df1de8,insurgent.directory,available,4.98,36.98,medium,low,9,namecheap,,,22/08/2026 07:44
bc7bb25f-7628-453b-a2c3-973cb133cf75,complex.directory,available,8.99,26.99,high,low,7,namesilo,,,23/09/2026 17:35
f95c0b49-5d7d-40e2-bf2a-046d1f1b9a49,molybdenum.directory,available,8.99,26.99,medium,low,10,namesilo,,,20/09/2026 23:05
abc9ed45-b492-4edb-ba7e-ffc53f57e17f,adelie.directory,available,8.99,26.99,medium,low,6,namesilo,,,17/09/2026 07:17
f50fc2bf-4da0-4fbd-bd4c-f78d9249cc91,alee.directory,available,4.98,36.98,low,low,4,namecheap,,,13/09/2026 18:38
35eac350-1f7c-4068-a117-86b24dc1d35f,presidency.directory,available,21.2,21.2,high,low,10,cloudflare,,,29/09/2026 13:43
20cef05f-b982-4067-8fe7-34fe251dbdf8,uncrowned.directory,available,4.98,36.98,medium,low,9,namecheap,,,13/08/2026 08:36
fb3db941-ca40-4c3d-b217-ee99c90c626b,categorial.directory,available,4.98,36.98,high,low,10,namecheap,,,11/08/2026 21:27
59f450fd-29e8-4b05-a821-4c8a91d6fcca,prosecuted.directory,available,4.34,21.94,low,low,10,spaceship,,,29/09/2026 17:43
e9a7f9b5-13c2-4aba-9a63-98eac6ef174a,treasure.directory,available,4.98,36.98,high,low,8,namecheap,,,27/09/2026 06:38
ae7ed10b-e697-4d31-9b1a-f817e8a3e63c,equally.directory,available,8.5,,medium,low,7,unstoppable,,,28/09/2026 12:20
06242276-0037-4f45-a58c-a31144f0be5e,undercover.directory,available,4.34,21.94,medium,low,10,spaceship,,,02/10/2026 11:28
6b394ae7-233b-48ee-af4c-801bff2756e8,industrious.directory,available,4.5,22.69,high,low,11,dynadot,,,03/10/2026 02:40
3f667c7e-e686-468f-a5fe-e79a2b8192cb,quivering.directory,available,4.98,36.98,medium,low,9,namecheap,,,11/09/2026 19:15
76b3eafb-7e49-4ca2-ad42-4c7ee932c3ea,arb.directory,available,8.99,26.99,high,low,3,namesilo,,,20/09/2026 00:31
14852f03-0875-4551-9a6e-98d004ed6f6c,pratt.directory,available,8.99,26.99,high,low,5,namesilo,,,25/09/2026 12:12
68779a7e-731f-49bb-9fa3-179b9b759069,proverb.directory,available,8.99,26.99,high,low,7,namesilo,,,17/09/2026 06:07
0d386094-023d-438b-bb5e-f48005cfc633,spacing.directory,available,8.5,,high,low,7,unstoppable,,,30/09/2026 18:47
b3d3ad76-22cb-4d2d-bf67-08e7f0cbf591,indium.directory,available,4.98,36.98,medium,low,6,namecheap,,,20/09/2026 23:11
c5d36df4-2a11-45f1-b37a-fec73cce2df2,sectioned.directory,available,4.98,36.98,medium,low,9,namecheap,,,10/09/2026 01:20
bd018e8a-cd93-4e82-b450-8eec6aeff111,ancillary.directory,available,4.98,36.98,high,low,9,namecheap,,,
e948ec75-21fe-4e52-b44a-552a72d93477,mismatched.directory,available,4.98,36.98,medium,low,10,namecheap,,,25/08/2026 01:36
4b303d28-8cb4-4e56-9527-17fb4d7b6741,providers.directory,available,21.2,21.2,medium,low,9,cloudflare,,,02/10/2026 23:32
7315415f-caec-4304-a2fa-d9eecad81842,rooted.directory,available,8.5,,high,low,6,unstoppable,,,29/09/2026 14:20
7d92af27-91f7-41a7-adb1-e56018e497de,avenger.directory,available,8.99,26.99,high,low,7,namesilo,,,21/09/2026 08:56
02b46aa2-4b14-4a7e-bca6-747a6562bf36,argive.directory,available,4.98,36.98,medium,low,6,namecheap,,,06/08/2026 18:27
5d163286-b06c-459c-a4b8-2a6a40c85014,historically.directory,available,4.98,36.98,medium,low,12,namecheap,,,29/09/2026 08:34
40242a2b-7880-467b-88dc-e9c8dca9ecaf,quentin.directory,available,8.99,26.99,medium,low,7,namesilo,,,27/09/2026 01:36
5b60d321-8377-42da-b9ff-851523f56b91,violate.directory,available,4.34,21.94,medium,low,7,spaceship,,,28/09/2026 13:36
0a459a2b-3504-44ca-9ee8-c570a888b56f,zombie.directory,available,8.99,26.99,high,low,6,namesilo,,,21/09/2026 07:05
c4da814f-609c-4aa5-9faa-cf18c4afc690,ardour.directory,available,8.99,26.99,medium,low,6,namesilo,,,20/09/2026 03:15
5717f6cd-eef7-4e26-b7ce-2b34c67701a5,jane.directory,available,7.99,33.99,high,low,4,name.com,,,25/09/2026 11:44
fdf0e226-b15b-46f7-a534-528e4200c850,showering.directory,available,4.5,22.69,high,low,9,dynadot,,,01/10/2026 23:53
d7489b6f-cd53-49cd-9ac8-a4a4db76dda3,rosario.directory,available,21.2,21.2,high,low,7,cloudflare,,,02/10/2026 06:17
7e41147a-c951-4a27-b3f2-938177ecb857,anthony.directory,available,4.98,36.98,high,low,7,namecheap,,,19/09/2026 13:34
926ab2fa-573e-402e-9d70-29673c9dd93b,inman.directory,available,8.99,26.99,medium,low,5,namesilo,,,29/09/2026 15:42
ae2279bf-b7f7-462f-98c9-db08e3059c59,numb.directory,available,4.98,36.98,medium,low,4,namecheap,,,22/09/2026 19:39
53b48e25-cade-4bf5-8b36-7d6ac6398983,pyretic.directory,available,4.98,36.98,medium,low,7,namecheap,,,09/09/2026 07:03
7957666c-58aa-4ebd-8f11-d9459b37c6eb,prurient.directory,available,4.98,36.98,medium,low,8,namecheap,,,24/08/2026 11:58
d1146e4a-9218-42db-bbb5-0c7c5786831d,verminous.directory,available,4.98,36.98,medium,low,9,namecheap,,,13/09/2026 04:05
c54e0ae4-33c3-4815-af58-43d07aa8aa11,bounded.directory,available,4.98,36.98,medium,low,7,namecheap,,,10/08/2026 21:52
be5d13be-9882-4d45-a9a4-5ece3eb79241,bestow.directory,available,4.63,22.14,high,low,6,porkbun,,,02/10/2026 17:14
0de5a255-b1ff-43a3-bdd3-c47455d86fba,hersey.directory,available,8.99,26.99,medium,low,6,namesilo,,,03/10/2026 05:47
170d88d3-3422-47a0-951f-105d82dfe7a4,granite.directory,available,4.34,21.94,high,low,7,spaceship,,,28/09/2026 19:22
9f37202c-8922-42b6-aac7-7e139dc6d165,elegant.directory,available,8.99,26.99,high,low,7,namesilo,,,24/09/2026 13:48
221c14af-6671-49b0-a84f-defa24b48e8c,bitters.directory,available,8.99,26.99,medium,low,7,namesilo,,,23/09/2026 23:09
9ad0e88a-4456-4961-ba81-91f154bec0d6,bottomless.directory,available,4.98,36.98,high,low,10,namecheap,,,10/08/2026 21:21